2006-07-06 15:36:41,0,2993,0,NO
2006-07-11 18:30:28,0,2262,0,NO
2006-07-11 19:30:46,0,2345,0,NO
2006-07-11 20:30:35,0,2267,0,NO
2006-07-11 21:30:26,0,2443,0,NO
2006-07-11 22:31:10,0,1970,0,NO
2006-07-11 23:30:34,0,3167,0,NO
2006-07-12 00:30:36,0,2717,0,NO
2006-07-12 01:30:38,0,2532,0,NO
2006-07-12 02:31:40,0,1819,0,NO
2006-07-12 03:31:03,0,1807,0,NO
2006-07-12 04:30:28,0,1843,0,NO
2006-07-12 05:31:56,0,2121,0,NO
2006-07-12 06:30:30,0,1886,0,NO
2006-07-12 07:30:35,0,2200,0,NO
2006-07-12 08:30:45,0,4704,0,NO
2006-07-12 09:30:28,0,3833,0,NO
2006-07-12 10:31:37,0,11042,0,NO
2006-07-12 11:31:07,0,8902,0,NO
2006-07-12 12:30:37,0,2547,0,NO
2006-07-12 13:30:37,0,2447,0,NO
2006-07-12 14:30:30,0,3629,0,NO
2006-07-12 15:30:41,0,3488,0,NO
2006-07-12 16:30:29,0,6536,0,NO
2006-07-12 17:30:34,0,1973,0,NO
2006-07-12 18:30:26,0,2464,0,NO
2006-07-12 19:30:43,0,7125,0,NO
2006-07-12 20:30:28,0,1929,0,NO
2006-07-12 21:30:29,0,2137,0,NO
2006-07-12 22:30:29,0,2067,0,NO
2006-07-12 23:30:32,0,2006,0,NO
2006-07-13 00:30:34,0,150455,0,NO
2006-07-13 01:30:30,0,1898,0,NO
2006-07-13 02:30:28,0,1909,0,NO
2006-07-13 03:30:28,0,2528,0,NO
2006-07-13 04:30:28,0,2212,0,NO
2006-07-13 05:30:28,0,2017,0,NO
2006-07-13 06:30:28,0,2172,0,NO
2006-07-13 07:30:27,0,1897,0,NO
2006-07-13 08:30:28,0,1896,0,NO
2006-07-13 09:30:44,0,2199,0,NO
2006-07-13 10:30:33,0,3350,0,NO
2006-07-13 11:30:36,0,2186,0,NO
2006-07-13 12:30:34,0,2144,0,NO
2006-07-13 13:30:34,0,2256,0,NO
2006-07-13 14:30:37,0,2969,0,NO
2006-07-13 15:30:29,0,2152,0,NO
2006-07-13 16:34:57,0,41065,0,YES
2006-07-13 17:30:31,0,2567,0,NO
2006-07-13 18:30:41,0,3519,0,NO
2006-07-13 19:30:30,0,2238,0,NO
2006-07-13 20:30:35,0,2314,0,NO
2006-07-13 21:30:30,0,2183,0,NO
2006-07-13 22:30:29,0,2050,0,NO
2006-07-13 23:30:27,0,2730,0,NO
2006-07-14 00:30:27,0,2300,0,NO
2006-07-14 01:30:30,0,2010,0,NO
2006-07-14 02:30:28,0,2511,0,NO
2006-07-14 03:30:27,0,2258,0,NO
2006-07-14 04:30:28,0,2271,0,NO
2006-07-14 05:30:27,0,1816,0,NO
2006-07-14 06:30:29,0,2052,0,NO
2006-07-14 07:30:27,0,2196,0,NO
2006-07-14 08:30:31,0,2743,0,NO
2006-07-14 09:30:31,0,1984,0,NO
2006-07-14 10:30:25,0,2720,0,NO
2006-07-14 11:30:30,0,2259,0,NO
2006-07-14 12:30:28,0,2844,0,NO
2006-07-14 13:30:40,0,2345,0,NO
2006-07-14 14:30:29,0,2662,0,NO
2006-07-14 15:30:46,0,2391,0,NO
2006-07-14 16:30:28,0,2532,0,NO
2006-07-14 17:30:30,0,2023,0,NO
2006-07-14 18:30:27,0,2111,0,NO
2006-07-14 19:30:30,0,3156,0,NO
2006-07-14 20:33:45,0,1967,0,NO
2006-07-14 21:33:51,0,2070,0,NO
2006-07-14 22:33:24,0,2201,0,NO
2006-07-14 23:33:25,0,2443,0,NO
2006-07-15 00:34:15,0,2853,0,NO
2006-07-15 01:42:07,0,6791,0,NO
2006-07-15 02:31:35,0,1833,0,NO
2006-07-15 03:36:36,0,1790,0,NO
2006-07-15 04:39:29,0,1950,0,NO
2006-07-15 05:36:03,0,1833,0,NO
2006-07-15 06:39:09,0,1797,0,NO
2006-07-15 07:30:27,0,2130,0,NO
2006-07-15 08:30:26,0,2295,0,NO
2006-07-15 09:30:30,0,4065,0,NO
2006-07-15 10:30:28,0,94925,0,NO
2006-07-15 11:30:27,0,1922,0,NO
2006-07-15 12:30:29,0,2983,0,NO
2006-07-15 13:30:29,0,2506,0,NO
2006-07-15 14:30:30,0,1861,0,NO
2006-07-15 15:30:27,0,1968,0,NO
2006-07-15 16:30:27,0,2501,0,NO
2006-07-15 17:30:32,0,3913,0,NO
2006-07-15 18:30:27,0,2215,0,NO
2006-07-15 19:30:27,0,2069,0,NO
2006-07-15 20:30:27,0,1832,0,NO
2006-07-15 21:30:29,0,1839,0,NO
2006-07-15 22:30:32,0,2002,0,NO
2006-07-15 23:30:26,0,2362,0,NO
2006-07-16 00:30:27,0,2105,0,NO
2006-07-16 01:30:28,0,2049,0,NO
2006-07-16 02:30:27,0,1846,0,NO
2006-07-16 03:30:27,0,2771,0,NO
2006-07-16 04:30:32,0,2042,0,NO
2006-07-16 05:30:28,0,2125,0,NO
2006-07-16 06:30:32,0,2066,0,NO
2006-07-16 07:30:29,0,2168,0,NO
2006-07-16 08:30:30,0,1971,0,NO
2006-07-16 09:30:29,0,2113,0,NO
2006-07-16 10:30:48,0,2149,0,NO
2006-07-16 11:30:27,0,1910,0,NO
2006-07-16 12:30:26,0,1971,0,NO
2006-07-16 13:30:26,0,1876,0,NO
2006-07-16 14:30:29,0,2285,0,NO
2006-07-16 15:30:30,0,1927,0,NO
2006-07-16 16:33:40,0,1975,0,NO
2006-07-16 17:30:30,0,1766,0,NO
2006-07-16 18:30:28,0,2055,0,NO
2006-07-16 19:30:27,0,2186,0,NO
2006-07-16 20:30:26,0,2323,0,NO
2006-07-16 21:30:28,0,2067,0,NO
2006-07-16 22:30:34,0,1856,0,NO
2006-07-16 23:30:30,0,2126,0,NO
2006-07-17 00:30:27,0,2224,0,NO
2006-07-17 01:30:28,0,2603,0,NO
2006-07-17 02:30:27,0,1895,0,NO
2006-07-17 03:30:27,0,2259,0,NO
2006-07-17 04:30:26,0,1791,0,NO
2006-07-17 05:30:26,0,1837,0,NO
2006-07-17 06:30:28,0,2332,0,NO
2006-07-17 07:30:28,0,1909,0,NO
2006-07-17 08:30:29,0,4457,0,NO
2006-07-17 09:30:25,0,2586,0,NO
2006-07-17 10:31:16,0,2500,0,NO
2006-07-17 11:30:30,0,4022,0,NO
2006-07-17 12:30:38,0,2254,0,NO
2006-07-17 13:30:28,0,2121,0,NO
2006-07-17 14:30:42,0,4332,0,NO
2006-07-17 15:30:47,0,7991,0,NO
2006-07-17 16:30:38,0,4411,0,NO
2006-07-17 17:30:37,0,2315,0,NO
2006-07-17 18:30:32,0,2238,0,NO
2006-07-17 19:30:27,0,2060,0,NO
2006-07-17 20:30:33,0,2280,0,NO
2006-07-17 21:30:26,0,1963,0,NO
2006-07-17 22:30:28,0,2109,0,NO
2006-07-17 23:30:29,0,1977,0,NO
2006-07-18 00:30:26,0,2340,0,NO
2006-07-18 01:30:28,0,2307,0,NO
2006-07-18 02:30:27,0,2598,0,NO
2006-07-18 03:30:27,0,1862,0,NO
2006-07-18 04:30:28,0,2818,0,NO
2006-07-18 05:30:27,0,2109,0,NO
2006-07-18 06:30:27,0,1864,0,NO
2006-07-18 07:30:27,0,2128,0,NO
2006-07-18 08:30:31,0,2269,0,NO
2006-07-18 09:30:45,0,3499,0,NO
2006-07-18 10:30:32,0,2047,0,NO
2006-07-18 11:30:33,0,3962,0,NO
2006-07-18 12:30:32,0,2462,0,NO
2006-07-18 13:30:32,0,2342,0,NO
2006-07-18 14:30:26,0,4482,0,NO
2006-07-18 15:30:32,0,2317,0,NO
2006-07-18 16:30:36,0,2154,0,NO
2006-07-18 17:30:29,0,2239,0,NO
2006-07-18 18:30:32,0,5883,0,NO
2006-07-18 19:30:33,0,1790,0,NO
2006-07-18 20:31:30,0,2002,0,NO
2006-07-18 21:30:29,0,1888,0,NO
2006-07-18 22:33:08,0,1871,0,NO
2006-07-18 23:34:09,0,2037,0,NO
2006-07-19 00:30:29,0,5231,0,NO
2006-07-19 01:30:30,0,2959,0,NO
2006-07-19 02:32:49,0,2020,0,NO
2006-07-19 03:30:29,0,2080,0,NO
2006-07-19 04:30:29,0,1779,0,NO
2006-07-19 05:30:27,0,1900,0,NO
2006-07-19 06:30:26,0,2235,0,NO
2006-07-19 07:30:29,0,2093,0,NO
2006-07-19 08:30:29,0,4233,0,NO
2006-07-19 09:30:26,0,3762,0,NO
2006-07-19 10:30:41,0,2255,0,NO
2006-07-19 11:30:35,0,2639,0,NO
2006-07-19 12:30:42,0,2241,0,NO
2006-07-19 13:30:30,0,6023,0,NO
2006-07-19 14:30:33,0,2832,0,NO
2006-07-19 15:30:33,0,5399,0,NO
2006-07-19 16:30:35,0,7739,0,NO
2006-07-19 17:30:29,0,2097,0,NO
2006-07-19 18:30:26,0,1990,0,NO
2006-07-19 19:30:30,0,2110,0,NO
2006-07-19 20:30:26,0,2038,0,NO
2006-07-19 21:30:30,0,2158,0,NO
2006-07-19 22:30:28,0,1774,0,NO
2006-07-19 23:30:34,0,2199,0,NO
2006-07-20 00:30:26,0,2401,0,NO
2006-07-20 01:30:26,0,2331,0,NO
2006-07-20 02:30:26,0,2130,0,NO
2006-07-20 03:30:28,0,2481,0,NO
2006-07-20 04:30:27,0,2071,0,NO
2006-07-20 05:30:36,0,2104,0,NO
2006-07-20 06:30:27,0,2495,0,NO
2006-07-20 07:31:10,0,28292,0,NO
2006-07-20 08:31:51,0,11696,0,NO
2006-07-20 09:31:13,0,11811,0,NO
2006-07-20 10:31:15,0,8792,0,NO
2006-07-20 11:30:29,0,2029,0,NO
2006-07-20 12:30:37,0,2237,0,NO
2006-07-20 13:30:39,0,2420,0,NO
2006-07-20 14:30:38,0,2302,0,NO
2006-07-20 15:33:26,0,2650,0,NO
2006-07-20 16:33:31,0,2623,0,NO
2006-07-20 17:34:53,0,2023,0,NO
2006-07-20 18:30:39,0,2320,0,NO
2006-07-20 19:30:42,0,7044,0,NO
2006-07-20 20:30:45,0,2032,0,NO
2006-07-20 21:30:36,0,2476,0,NO
2006-07-20 22:30:33,0,2102,0,NO
2006-07-20 23:30:32,0,4118,0,NO
2006-07-21 00:30:28,0,7238,0,NO
2006-07-21 01:30:28,0,2014,0,NO
2006-07-21 02:30:40,0,2032,0,NO
2006-07-21 03:30:29,0,2688,0,NO
2006-07-21 04:34:11,0,2238,0,NO
2006-07-21 05:30:26,0,2244,0,NO
2006-07-21 06:31:12,0,2550,0,NO
2006-07-21 07:30:29,0,2427,0,NO
2006-07-21 08:30:29,0,10665,0,NO
2006-07-21 09:30:41,0,2475,0,NO
2006-07-21 10:30:36,0,2225,0,NO
2006-07-21 11:30:33,0,2630,0,NO
2006-07-21 12:30:35,0,160403,0,NO
2006-07-21 13:30:36,0,2165,0,NO
2006-07-21 14:30:35,0,2599,0,NO
2006-07-21 15:30:30,0,2627,0,NO
2006-07-21 16:30:29,0,2136,0,NO
2006-07-21 17:30:32,0,2204,0,NO
2006-07-21 18:30:35,0,2015,0,NO
2006-07-21 19:31:11,0,2437,0,NO
2006-07-21 20:30:28,0,4149,0,NO
2006-07-21 21:30:31,0,2013,0,NO
2006-07-21 22:30:27,0,2233,0,NO
2006-07-21 23:30:29,0,2207,0,NO
2006-07-22 00:30:32,0,1882,0,NO
2006-07-22 01:30:26,0,2716,0,NO
2006-07-22 02:30:27,0,2567,0,NO
2006-07-22 03:30:35,0,3212,0,NO
2006-07-22 04:30:32,0,1940,0,NO
2006-07-22 05:30:31,0,2054,0,NO
2006-07-22 06:30:27,0,2135,0,NO
2006-07-22 07:30:27,0,2092,0,NO
2006-07-22 08:30:28,0,2174,0,NO
2006-07-22 09:30:32,0,2159,0,NO
2006-07-22 10:30:31,0,2220,0,NO
2006-07-22 11:30:27,0,1817,0,NO
2006-07-22 12:30:35,0,2412,0,NO
2006-07-22 13:30:27,0,1800,0,NO
2006-07-22 14:30:27,0,1836,0,NO
2006-07-22 15:30:40,0,2733,0,NO
2006-07-22 16:33:36,0,1861,0,NO
2006-07-22 17:30:31,0,2025,0,NO
2006-07-22 18:30:30,0,1939,0,NO
2006-07-22 19:31:15,0,2139,0,NO
2006-07-22 20:30:26,0,2107,0,NO
2006-07-22 21:30:29,0,2021,0,NO
2006-07-22 22:30:31,0,6999,0,NO
2006-07-22 23:30:31,0,2638,0,NO
2006-07-23 00:30:29,0,2291,0,NO
2006-07-23 01:30:29,0,1774,0,NO
2006-07-23 02:30:28,0,1785,0,NO
2006-07-23 03:30:29,0,5058,0,NO
2006-07-23 04:30:35,0,1817,0,NO
2006-07-23 05:30:34,0,1872,0,NO
2006-07-23 06:30:29,0,2056,0,NO
2006-07-23 07:30:27,0,1864,0,NO
2006-07-23 08:30:28,0,1978,0,NO
2006-07-23 09:30:29,0,1817,0,NO
2006-07-23 10:30:33,0,2093,0,NO
2006-07-23 11:30:31,0,1789,0,NO
2006-07-23 12:30:27,0,1926,0,NO
2006-07-23 13:30:27,0,1773,0,NO
2006-07-23 14:30:29,0,1756,0,NO
2006-07-23 15:30:34,0,1902,0,NO
2006-07-23 16:30:27,0,1886,0,NO
2006-07-23 17:30:27,0,1951,0,NO
2006-07-23 18:30:28,0,2050,0,NO
2006-07-23 19:33:40,0,1772,0,NO
2006-07-23 20:33:35,0,1957,0,NO
2006-07-23 21:33:35,0,1950,0,NO
2006-07-23 22:33:37,0,2185,0,NO
2006-07-23 23:33:32,0,1957,0,NO
2006-07-24 00:33:39,0,2119,0,NO
2006-07-24 01:33:35,0,2116,0,NO
2006-07-24 02:33:35,0,2031,0,NO
2006-07-24 03:33:35,0,2051,0,NO
2006-07-24 04:33:34,0,1788,0,NO
2006-07-24 05:34:40,0,2260,0,NO
2006-07-24 06:33:36,0,1775,0,NO
2006-07-24 07:30:32,0,4960,0,NO
2006-07-24 08:30:28,0,1883,0,NO
2006-07-24 09:30:34,0,2262,0,NO
2006-07-24 10:30:34,0,7624,0,NO
2006-07-24 11:30:27,0,2687,0,NO
2006-07-24 12:30:29,0,3076,0,NO
2006-07-24 13:30:28,0,2012,0,NO
2006-07-24 14:30:35,0,2139,0,NO
2006-07-24 15:30:37,0,7100,0,NO
2006-07-24 16:30:34,0,2614,0,NO
2006-07-24 17:30:27,0,2012,0,NO
2006-07-24 18:30:29,0,2546,0,NO
2006-07-24 19:30:31,0,2029,0,NO
2006-07-24 20:30:29,0,2462,0,NO
2006-07-24 21:30:35,0,1825,0,NO
2006-07-24 22:30:28,0,3104,0,NO
2006-07-24 23:30:28,0,2059,0,NO
2006-07-25 00:30:28,0,2144,0,NO
2006-07-25 01:30:28,0,2587,0,NO
2006-07-25 02:30:26,0,2320,0,NO
2006-07-25 03:30:28,0,1862,0,NO
2006-07-25 04:30:33,0,1845,0,NO
2006-07-25 05:30:27,0,1945,0,NO
2006-07-25 06:30:28,0,2784,0,NO
2006-07-25 07:30:35,0,2064,0,NO
2006-07-25 08:30:32,0,2189,0,NO
2006-07-25 09:30:27,0,2053,0,NO
2006-07-25 10:30:36,0,2949,0,NO
2006-07-25 11:30:34,0,3437,0,NO
2006-07-25 12:30:31,0,2881,0,NO
2006-07-25 13:30:28,0,3423,0,NO
2006-07-25 14:30:46,0,2353,0,NO
2006-07-25 15:30:38,0,2657,0,NO
2006-07-25 16:30:42,0,2238,0,NO
2006-07-25 17:30:43,0,2598,0,NO
2006-07-25 18:34:56,0,41071,0,YES
2006-07-25 19:34:57,0,41067,0,YES
2006-07-25 20:34:56,0,41071,0,YES
2006-07-25 21:34:56,0,41069,0,YES
2006-07-25 22:34:57,0,41069,0,YES
2006-07-25 23:34:57,0,41069,0,YES
2006-07-26 00:34:57,0,41070,0,YES
2006-07-26 01:34:57,0,41069,0,YES
2006-07-26 02:34:56,0,41067,0,YES
2006-07-26 03:34:57,0,41072,0,YES
2006-07-26 04:34:56,0,41070,0,YES
2006-07-26 05:34:54,0,41070,0,YES
2006-07-26 06:34:57,0,41068,0,YES
2006-07-26 07:34:54,0,41068,0,YES
2006-07-26 08:34:57,0,41066,0,YES
2006-07-26 09:34:56,0,41070,0,YES
2006-07-26 10:33:40,0,2922,0,NO
2006-07-26 11:33:44,0,3934,0,NO
2006-07-26 12:33:50,0,2923,0,NO
2006-07-26 13:33:35,0,2038,0,NO
2006-07-26 14:33:37,0,2365,0,NO
2006-07-26 15:34:57,0,41070,0,YES
2006-07-26 16:34:57,0,41068,0,YES
2006-07-26 17:34:56,0,41068,0,YES
2006-07-26 18:34:57,0,41067,0,YES
2006-07-26 19:34:57,0,41067,0,YES
2006-07-26 20:34:57,0,41069,0,YES
2006-07-26 21:34:56,0,41068,0,YES
2006-07-26 22:34:56,0,41068,0,YES
2006-07-26 23:34:57,0,41067,0,YES
2006-07-27 00:34:56,0,41069,0,YES
2006-07-27 01:34:57,0,41070,0,YES
2006-07-27 02:34:57,0,41067,0,YES
2006-07-27 03:34:57,0,41069,0,YES
2006-07-27 04:34:56,0,41069,0,YES
2006-07-27 05:34:57,0,41069,0,YES
2006-07-27 06:34:57,0,41070,0,YES
2006-07-27 07:35:19,0,2491,0,NO
2006-07-27 08:33:36,0,2827,0,NO
2006-07-27 09:33:37,0,2347,0,NO
2006-07-27 10:33:43,0,3472,0,NO
2006-07-27 11:33:40,0,2305,0,NO
2006-07-27 12:33:37,0,3042,0,NO
2006-07-27 13:33:42,0,2061,0,NO
2006-07-27 14:33:35,0,5758,0,NO
2006-07-27 15:30:54,0,2474,0,NO
2006-07-27 16:30:29,0,2119,0,NO
2006-07-27 17:34:57,0,41069,0,YES
2006-07-27 18:34:57,0,41069,0,YES
2006-07-27 19:34:57,0,41068,0,YES
2006-07-27 20:34:56,0,41071,0,YES
2006-07-27 21:34:57,0,41068,0,YES
2006-07-27 22:34:57,0,41072,0,YES
2006-07-27 23:34:56,0,41069,0,YES
2006-07-28 00:34:56,0,41069,0,YES
2006-07-28 01:34:57,0,41071,0,YES
2006-07-28 02:34:57,0,41067,0,YES
2006-07-28 03:34:57,0,41070,0,YES
2006-07-28 04:34:57,0,41067,0,YES
2006-07-28 05:34:56,0,41069,0,YES
2006-07-28 06:34:56,0,41070,0,YES
2006-07-28 07:34:57,0,41068,0,YES
2006-07-28 08:34:57,0,41070,0,YES
2006-07-28 09:30:32,0,2380,0,NO
2006-07-28 10:30:29,0,7940,0,NO
2006-07-28 11:30:28,0,3345,0,NO
2006-07-28 12:30:30,0,2654,0,NO
2006-07-28 13:30:28,0,3552,0,NO
2006-07-28 14:30:33,0,2283,0,NO
2006-07-28 15:30:32,0,11846,0,NO
2006-07-28 16:31:15,0,3087,0,NO
2006-07-28 17:30:28,0,1920,0,NO
2006-07-28 18:30:29,0,1993,0,NO
2006-07-28 19:30:29,0,2050,0,NO
2006-07-28 20:30:30,0,2754,0,NO
2006-07-28 21:30:28,0,2480,0,NO
2006-07-28 22:30:30,0,1884,0,NO
2006-07-28 23:30:29,0,2304,0,NO
2006-07-29 00:30:27,0,2777,0,NO
2006-07-29 01:30:30,0,7323,0,YES
2006-07-29 02:30:31,0,2095,0,NO
2006-07-29 03:30:28,0,1820,0,NO
2006-07-29 04:30:32,0,1876,0,NO
2006-07-29 05:30:28,0,1781,0,NO
2006-07-29 06:30:27,0,1953,0,NO
2006-07-29 07:30:30,0,2154,0,NO
2006-07-29 08:30:29,0,2051,0,NO
2006-07-29 09:30:28,0,2057,0,NO
2006-07-29 10:30:32,0,1879,0,NO
2006-07-29 11:30:27,0,2326,0,NO
2006-07-29 12:30:29,0,2020,0,NO
2006-07-29 13:30:28,0,2103,0,NO
2006-07-29 14:30:27,0,1836,0,NO
2006-07-29 15:30:28,0,2982,0,NO
2006-07-29 16:30:32,0,2660,0,NO
2006-07-29 17:30:28,0,1869,0,NO
2006-07-29 18:30:26,0,1878,0,NO
2006-07-29 19:30:28,0,2025,0,NO
2006-07-29 20:30:27,0,2220,0,NO
2006-07-29 21:30:47,0,3438,0,NO
2006-07-29 22:30:27,0,1847,0,NO
2006-07-29 23:30:27,0,2421,0,NO
2006-07-30 00:30:27,0,1819,0,NO
2006-07-30 01:30:26,0,2705,0,NO
2006-07-30 02:30:28,0,1857,0,NO
2006-07-30 03:30:26,0,2273,0,NO
2006-07-30 04:30:27,0,1967,0,NO
2006-07-30 05:30:26,0,2131,0,NO
2006-07-30 06:30:27,0,2107,0,NO
2006-07-30 07:30:30,0,1798,0,NO
2006-07-30 08:30:29,0,2532,0,NO
2006-07-30 09:30:29,0,1786,0,NO
2006-07-30 10:30:26,0,1920,0,NO
2006-07-30 11:30:28,0,2223,0,NO
2006-07-30 12:30:33,0,2163,0,NO
2006-07-30 13:30:27,0,2281,0,NO
2006-07-30 14:30:28,0,2053,0,NO
2006-07-30 15:30:28,0,1825,0,NO
2006-07-30 16:30:27,0,9658,0,NO
2006-07-30 17:30:27,0,2524,0,NO
2006-07-30 18:30:31,0,5215,0,NO
2006-07-30 19:30:27,0,2205,0,NO
2006-07-30 20:30:29,0,1975,0,NO
2006-07-30 21:30:29,0,1981,0,NO
2006-07-30 22:30:26,0,2040,0,NO
2006-07-30 23:30:42,0,4683,0,NO
2006-07-31 00:30:52,0,2796,0,NO
2006-07-31 01:30:26,0,2219,0,NO
2006-07-31 02:30:26,0,2188,0,NO
2006-07-31 03:30:27,0,1813,0,NO
2006-07-31 04:30:28,0,1901,0,NO
2006-07-31 05:30:27,0,1990,0,NO
2006-07-31 06:30:28,0,1802,0,NO
2006-07-31 07:30:28,0,1836,0,NO
2006-07-31 08:30:29,0,2233,0,NO
2006-07-31 09:30:31,0,12579,0,NO
2006-07-31 10:30:30,0,2268,0,NO
2006-07-31 11:30:36,0,2236,0,NO
2006-07-31 12:30:30,0,6649,0,NO
2006-07-31 13:30:28,0,2136,0,NO
2006-07-31 14:30:30,0,3975,0,NO
2006-07-31 15:30:29,0,2294,0,NO
2006-07-31 16:30:27,0,1898,0,NO
2006-07-31 17:30:31,0,2698,0,NO
2006-07-31 18:30:39,0,2950,0,NO
2006-07-31 19:30:27,0,1914,0,NO
2006-07-31 20:30:29,0,3120,0,NO
2006-07-31 21:30:27,0,2166,0,NO
2006-07-31 22:30:27,0,2838,0,NO
2006-07-31 23:30:31,0,2178,0,NO
2006-08-01 00:30:32,0,2215,0,NO
2006-08-01 01:30:28,0,2323,0,YES
2006-08-01 02:30:29,0,2317,0,YES
2006-08-01 03:30:27,0,1876,0,NO
2006-08-01 04:30:26,0,2499,0,NO
2006-08-01 05:30:27,0,2049,0,NO
2006-08-01 06:30:29,0,2062,0,NO
2006-08-01 07:30:31,0,2220,0,NO
2006-08-01 08:30:34,0,4405,0,NO
2006-08-01 09:30:34,0,9923,0,NO
2006-08-01 10:30:34,0,4665,0,NO
2006-08-01 11:30:31,0,2349,0,NO
2006-08-01 12:30:27,0,1899,0,NO
2006-08-01 13:30:29,0,2297,0,NO
2006-08-01 14:30:33,0,6036,0,NO
2006-08-01 15:30:38,0,1916,0,NO
2006-08-01 16:30:32,0,2870,0,NO
2006-08-01 17:30:28,0,6911,0,NO
2006-08-01 18:30:29,0,1883,0,NO
2006-08-01 19:31:07,0,2066,0,NO
2006-08-01 20:30:28,0,2018,0,NO
2006-08-01 21:30:27,0,2584,0,NO
2006-08-01 22:30:29,0,2178,0,NO
2006-08-01 23:30:29,0,1836,0,NO
2006-08-02 00:30:29,0,2289,0,NO
2006-08-02 01:30:27,0,2326,0,NO
2006-08-02 02:30:29,0,2252,0,NO
2006-08-02 03:31:05,0,2080,0,NO
2006-08-02 04:30:28,0,2331,0,NO
2006-08-02 05:30:28,0,2256,0,NO
2006-08-02 06:30:29,0,2024,0,NO
2006-08-02 07:30:27,0,2473,0,NO
2006-08-02 08:31:05,0,3264,0,NO
2006-08-02 09:30:29,0,2998,0,NO
2006-08-02 10:30:28,0,1921,0,NO
2006-08-02 11:30:31,0,2218,0,NO
2006-08-02 12:30:28,0,1959,0,NO
2006-08-02 13:30:37,0,2329,0,NO
2006-08-02 14:30:33,0,2026,0,NO
2006-08-02 15:30:28,0,2215,0,NO
2006-08-02 16:30:33,0,2401,0,NO
2006-08-02 17:30:30,0,2617,0,NO
2006-08-02 18:30:28,0,3223,0,NO
2006-08-02 19:30:29,0,2394,0,NO
2006-08-02 20:30:27,0,2196,0,NO
2006-08-02 21:30:28,0,1882,0,NO
2006-08-02 22:30:26,0,2033,0,NO
2006-08-02 23:30:29,0,1937,0,NO
2006-08-03 00:30:26,0,2114,0,NO
2006-08-03 01:30:29,0,1910,0,NO
2006-08-03 02:30:28,0,1898,0,NO
2006-08-03 03:30:28,0,2944,0,NO
2006-08-03 04:30:28,0,2039,0,NO
2006-08-03 05:30:25,0,1853,0,NO
2006-08-03 06:30:27,0,1928,0,NO
2006-08-03 07:30:28,0,2303,0,NO
2006-08-03 08:30:38,0,2970,0,NO
2006-08-03 09:30:35,0,4493,0,NO
2006-08-03 10:30:32,0,2650,0,NO
2006-08-03 11:30:28,0,2500,0,NO
2006-08-03 12:30:28,0,2506,0,NO
2006-08-03 13:30:29,0,2467,0,NO
2006-08-03 14:30:30,0,1997,0,NO
2006-08-03 15:33:26,0,2317,0,NO
2006-08-03 16:33:01,0,2082,0,NO
2006-08-03 17:30:28,0,2120,0,NO
2006-08-03 18:30:29,0,2183,0,NO
2006-08-03 19:30:29,0,1937,0,NO
2006-08-03 20:30:31,0,2192,0,NO
2006-08-03 21:30:27,0,2296,0,NO
2006-08-03 22:31:50,0,2003,0,NO
2006-08-03 23:39:01,0,2052,0,NO
2006-08-04 00:33:27,0,2291,0,NO
2006-08-04 01:37:20,0,1905,0,NO
2006-08-04 02:33:01,0,2241,0,NO
2006-08-04 03:38:38,0,2030,0,NO
2006-08-04 04:36:30,0,2001,0,NO
2006-08-04 05:34:33,0,1938,0,NO
2006-08-04 06:34:01,0,2401,0,NO
2006-08-04 07:30:27,0,2533,0,NO
2006-08-04 08:34:55,0,7153,0,NO
2006-08-04 09:33:32,0,2522,0,NO
2006-08-04 10:30:33,0,4188,0,NO
2006-08-04 11:30:32,0,2420,0,NO
2006-08-04 12:30:36,0,4053,0,NO
2006-08-04 13:30:27,0,2099,0,NO
2006-08-04 14:30:27,0,1922,0,NO
2006-08-04 15:30:27,0,2260,0,NO
2006-08-04 16:30:31,0,1937,0,NO
2006-08-04 17:30:28,0,2296,0,NO
2006-08-04 18:30:29,0,5097,0,NO
2006-08-04 19:30:28,0,2022,0,NO
2006-08-04 20:30:29,0,2490,0,NO
2006-08-04 21:30:27,0,2227,0,NO
2006-08-04 22:30:30,0,2122,0,NO
2006-08-04 23:30:26,0,2162,0,NO
2006-08-05 00:30:29,0,2107,0,NO
2006-08-05 01:30:29,0,3856,0,NO
2006-08-05 02:30:28,0,2062,0,NO
2006-08-05 03:30:28,0,1930,0,NO
2006-08-05 04:30:26,0,2325,0,NO
2006-08-05 05:30:31,0,2008,0,NO
2006-08-05 06:30:30,0,1858,0,NO
2006-08-05 07:30:28,0,2087,0,NO
2006-08-05 08:30:26,0,1799,0,NO
2006-08-05 09:30:27,0,2204,0,NO
2006-08-05 10:30:26,0,2203,0,NO
2006-08-05 11:30:30,0,2635,0,NO
2006-08-05 12:30:27,0,1903,0,NO
2006-08-05 13:30:27,0,2085,0,NO
2006-08-05 14:30:27,0,1920,0,NO
2006-08-05 15:30:28,0,1975,0,NO
2006-08-05 16:30:28,0,1956,0,NO
2006-08-05 17:30:27,0,1995,0,NO
2006-08-05 18:30:28,0,2494,0,NO
2006-08-05 19:30:28,0,2015,0,NO
2006-08-05 20:30:26,0,2687,0,NO
2006-08-05 21:30:27,0,2022,0,NO
2006-08-05 22:30:30,0,2046,0,NO
2006-08-05 23:30:28,0,2287,0,NO
2006-08-06 00:30:26,0,1846,0,NO
2006-08-06 01:30:28,0,1785,0,NO
2006-08-06 02:30:28,0,2061,0,NO
2006-08-06 03:30:26,0,1790,0,NO
2006-08-06 04:30:32,0,1804,0,NO
2006-08-06 05:30:28,0,2442,0,NO
2006-08-06 06:30:28,0,2070,0,NO
2006-08-06 07:30:28,0,1958,0,NO
2006-08-06 08:30:27,0,2160,0,NO
2006-08-06 09:30:28,0,1850,0,NO
2006-08-06 10:30:28,0,2278,0,NO
2006-08-06 11:30:27,0,1960,0,NO
2006-08-06 12:30:27,0,2224,0,NO
2006-08-06 13:30:29,0,1835,0,NO
2006-08-06 14:30:28,0,1901,0,NO
2006-08-06 15:30:27,0,4906,0,NO
2006-08-06 16:30:28,0,1824,0,NO
2006-08-06 17:30:27,0,1810,0,NO
2006-08-06 18:30:26,0,2011,0,NO
2006-08-06 19:31:19,0,1972,0,NO
2006-08-06 20:31:09,0,1959,0,NO
2006-08-06 21:31:10,0,2265,0,NO
2006-08-06 22:31:09,0,2163,0,NO
2006-08-06 23:31:09,0,1946,0,NO
2006-08-07 00:30:27,0,2369,0,NO
2006-08-07 01:30:32,0,1897,0,NO
2006-08-07 02:30:29,0,1884,0,NO
2006-08-07 03:33:23,0,2018,0,NO
2006-08-07 04:34:53,0,1872,0,NO
2006-08-07 05:30:29,0,3572,0,NO
2006-08-07 06:36:14,0,1877,0,NO
2006-08-07 07:30:29,0,2744,0,NO
2006-08-07 08:30:28,0,2019,0,NO
2006-08-07 09:30:31,0,3013,0,NO
2006-08-07 10:34:34,0,2480,0,NO
2006-08-07 11:30:27,0,2490,0,NO
2006-08-07 12:30:34,0,2241,0,NO
2006-08-07 13:30:33,0,2665,0,NO
2006-08-07 14:30:28,0,2158,0,NO
2006-08-07 15:30:27,0,5260,0,NO
2006-08-07 16:30:33,0,2822,0,YES
2006-08-07 17:30:27,0,2192,0,NO
2006-08-07 18:30:28,0,3279,0,NO
2006-08-07 19:30:28,0,2118,0,NO
2006-08-07 20:30:30,0,1987,0,NO
2006-08-07 21:30:28,0,1877,0,NO
2006-08-07 22:30:29,0,2179,0,NO
2006-08-07 23:30:27,0,2599,0,NO
2006-08-08 00:30:28,0,1949,0,NO
2006-08-08 01:30:28,0,2167,0,NO
2006-08-08 02:31:32,0,1938,0,NO
2006-08-08 03:31:33,0,2181,0,NO
2006-08-08 04:31:13,0,2041,0,NO
2006-08-08 05:30:28,0,2067,0,NO
2006-08-08 06:30:28,0,2228,0,NO
2006-08-08 07:30:30,0,2309,0,NO
2006-08-08 08:30:29,0,2867,0,NO
2006-08-08 09:30:34,0,4624,0,NO
2006-08-08 10:30:27,0,2086,0,NO
2006-08-08 11:30:27,0,2319,0,NO
2006-08-08 12:30:28,0,2679,0,NO
2006-08-08 13:30:29,0,3071,0,NO
2006-08-08 14:30:28,0,2365,0,NO
2006-08-08 15:34:05,0,1964,0,NO
2006-08-08 16:33:09,0,2133,0,NO
2006-08-08 17:33:36,0,2044,0,NO
2006-08-08 18:35:30,0,2249,0,NO
2006-08-08 19:30:32,0,2452,0,NO
2006-08-08 20:34:32,0,2527,0,NO
2006-08-08 21:31:06,0,2425,0,NO
2006-08-08 22:35:25,0,1992,0,NO
2006-08-08 23:35:17,0,2074,0,NO
2006-08-09 00:38:36,0,2276,0,NO
2006-08-09 01:44:18,0,2130,0,NO
2006-08-09 02:36:26,0,2313,0,NO
2006-08-09 03:30:29,0,2627,0,NO
2006-08-09 04:30:28,0,2518,0,NO
2006-08-09 05:30:29,0,2295,0,NO
2006-08-09 06:30:27,0,2088,0,NO
2006-08-09 07:30:28,0,2319,0,NO
2006-08-09 08:30:26,0,1844,0,NO
2006-08-09 09:30:26,0,2098,0,NO
2006-08-09 10:30:28,0,2005,0,NO
2006-08-09 11:30:31,0,2675,0,NO
2006-08-09 12:30:32,0,2453,0,NO
2006-08-09 13:30:28,0,1799,0,NO
2006-08-09 14:30:29,0,2297,0,NO
2006-08-09 15:30:29,0,3498,0,NO
2006-08-09 16:30:27,0,1960,0,NO
2006-08-09 17:30:30,0,2240,0,NO
2006-08-09 18:30:27,0,2048,0,NO
2006-08-09 19:30:26,0,2507,0,NO
2006-08-09 20:30:29,0,2643,0,NO
2006-08-09 21:30:45,0,2310,0,NO
2006-08-09 22:30:43,0,3085,0,NO
2006-08-09 23:30:42,0,2387,0,NO
2006-08-10 00:30:47,0,2495,0,NO
2006-08-10 01:30:38,0,2983,0,NO
2006-08-10 02:30:47,0,2888,0,NO
2006-08-10 03:30:38,0,2319,0,NO
2006-08-10 04:30:44,0,2649,0,NO
2006-08-10 05:30:49,0,2566,0,NO
2006-08-10 06:30:46,0,2155,0,NO
2006-08-10 07:30:50,0,2295,0,NO
2006-08-10 08:40:44,0,3451,0,NO
2006-08-10 09:33:35,0,4723,0,NO
2006-08-10 10:33:36,0,2363,0,NO
2006-08-10 11:33:36,0,2236,0,NO
2006-08-10 12:33:35,0,1955,0,NO
2006-08-10 13:33:37,0,5008,0,NO
2006-08-10 14:33:36,0,5710,0,NO
2006-08-10 15:33:42,0,3267,0,NO
2006-08-10 16:33:33,0,1853,0,NO
2006-08-10 17:33:36,0,1968,0,NO
2006-08-10 18:33:39,0,3798,0,NO
2006-08-10 19:33:35,0,2677,0,NO
2006-08-10 20:33:34,0,3207,0,NO
2006-08-10 21:33:35,0,2079,0,NO
2006-08-10 22:33:35,0,1901,0,NO
2006-08-10 23:33:35,0,1986,0,NO
2006-08-11 00:33:34,0,2976,0,NO
2006-08-11 01:33:35,0,2575,0,NO
2006-08-11 02:33:34,0,2127,0,NO
2006-08-11 03:30:27,0,2037,0,NO
2006-08-11 04:30:26,0,2470,0,NO
2006-08-11 05:30:29,0,1808,0,NO
2006-08-11 06:30:28,0,2095,0,NO
2006-08-11 07:30:34,0,2285,0,NO
2006-08-11 08:30:30,0,2769,0,NO
2006-08-11 09:30:28,0,2052,0,NO
2006-08-11 10:30:30,0,2093,0,NO
2006-08-11 11:30:27,0,2350,0,NO
2006-08-11 12:30:30,0,2077,0,NO
2006-08-11 13:30:28,0,2048,0,NO
2006-08-11 14:30:29,0,2066,0,NO
2006-08-11 15:30:27,0,2077,0,NO
2006-08-11 16:30:29,0,1837,0,NO
2006-08-11 17:30:27,0,1965,0,NO
2006-08-11 18:30:28,0,2620,0,NO
2006-08-11 19:30:30,0,2335,0,NO
2006-08-11 20:30:27,0,2021,0,NO
2006-08-11 21:30:33,0,2287,0,NO
2006-08-11 22:30:27,0,2096,0,NO
2006-08-11 23:30:33,0,2239,0,NO
2006-08-12 00:30:30,0,1959,0,NO
2006-08-12 01:30:34,0,2646,0,NO
2006-08-12 02:30:27,0,1786,0,NO
2006-08-12 03:30:26,0,1873,0,NO
2006-08-12 04:30:27,0,1839,0,NO
2006-08-12 05:30:29,0,2162,0,NO
2006-08-12 06:30:27,0,2314,0,NO
2006-08-12 07:30:28,0,2093,0,NO
2006-08-12 08:30:28,0,2036,0,NO
2006-08-12 09:30:29,0,2035,0,NO
2006-08-12 10:30:28,0,2213,0,NO
2006-08-12 11:30:28,0,2092,0,NO
2006-08-12 12:30:28,0,2313,0,NO
2006-08-12 13:30:28,0,2014,0,NO
2006-08-12 14:30:27,0,2077,0,NO
2006-08-12 15:30:29,0,2240,0,NO
2006-08-12 16:30:28,0,1801,0,NO
2006-08-12 17:30:27,0,2094,0,NO
2006-08-12 18:30:29,0,1880,0,NO
2006-08-12 19:30:26,0,2331,0,NO
2006-08-12 20:30:33,0,2128,0,NO
2006-08-12 21:30:27,0,1791,0,NO
2006-08-12 22:30:29,0,1850,0,NO
2006-08-12 23:30:31,0,1943,0,NO
2006-08-13 00:30:28,0,1946,0,NO
2006-08-13 01:30:26,0,2002,0,NO
2006-08-13 02:30:28,0,2039,0,NO
2006-08-13 03:30:27,0,1829,0,NO
2006-08-13 04:30:29,0,2084,0,NO
2006-08-13 05:30:27,0,1816,0,NO
2006-08-13 06:30:28,0,1811,0,NO
2006-08-13 07:30:30,0,2093,0,NO
2006-08-13 08:30:29,0,1951,0,NO
2006-08-13 09:30:29,0,2228,0,NO
2006-08-13 10:30:31,0,2638,0,NO
2006-08-13 11:30:28,0,1964,0,NO
2006-08-13 12:30:29,0,1906,0,NO
2006-08-13 13:30:26,0,2553,0,NO
2006-08-13 14:30:28,0,1804,0,NO
2006-08-13 15:30:27,0,1793,0,NO
2006-08-13 16:30:31,0,1784,0,NO
2006-08-13 17:30:28,0,2197,0,NO
2006-08-13 18:30:28,0,5146,0,NO
2006-08-13 19:30:29,0,1899,0,NO
2006-08-13 20:30:28,0,2048,0,NO
2006-08-13 21:30:28,0,2129,0,NO
2006-08-13 22:30:28,0,1873,0,NO
2006-08-13 23:30:26,0,1881,0,NO
2006-08-14 00:30:26,0,1821,0,NO
2006-08-14 01:30:27,0,2153,0,NO
2006-08-14 02:30:29,0,2450,0,NO
2006-08-14 03:30:27,0,1881,0,NO
2006-08-14 04:30:27,0,1880,0,NO
2006-08-14 05:30:28,0,1827,0,NO
2006-08-14 06:30:28,0,2101,0,NO
2006-08-14 07:30:28,0,2002,0,NO
2006-08-14 08:30:28,0,2110,0,NO
2006-08-21 12:30:37,0,3234,0,NO
2006-08-21 13:30:27,0,2087,0,NO
2006-08-21 14:30:30,0,2087,0,NO
2006-08-21 15:30:32,0,2912,0,NO
2006-08-21 16:30:33,0,2269,0,NO
2006-08-21 17:30:28,0,2330,0,YES
2006-08-21 18:30:27,0,2540,0,NO
2006-08-21 19:30:27,0,2461,0,NO
2006-08-21 20:30:28,0,2293,0,NO
2006-08-21 21:30:28,0,2108,0,NO
2006-08-21 22:30:28,0,2415,0,NO
2006-08-21 23:30:27,0,2331,0,NO
2006-08-22 00:30:28,0,1972,0,NO
2006-08-22 01:30:28,0,1925,0,NO
2006-08-22 02:30:27,0,6959,0,NO
2006-08-22 03:30:28,0,1868,0,NO
2006-08-22 04:30:29,0,2193,0,NO
2006-08-22 05:30:27,0,3055,0,NO
2006-08-22 06:30:29,0,2154,0,NO
2006-08-22 07:30:36,0,3056,0,NO
2006-08-22 08:30:29,0,2283,0,NO
2006-08-22 09:30:29,0,2938,0,NO
2006-08-22 10:30:32,0,7156,0,NO
2006-08-22 11:30:27,0,2126,0,NO
2006-08-22 12:30:31,0,4078,0,NO
2006-08-22 13:30:28,0,2352,0,NO
2006-08-22 14:30:33,0,2045,0,NO
2006-08-22 15:30:28,0,2870,0,NO
2006-08-22 16:30:30,0,2019,0,NO
2006-08-22 17:30:30,0,2734,0,NO
2006-08-22 18:30:29,0,1993,0,NO
2006-08-22 19:30:30,0,3385,0,NO
2006-08-22 20:30:28,0,6013,0,NO
2006-08-22 21:30:28,0,7011,0,NO
2006-08-22 22:30:30,0,1779,0,NO
2006-08-22 23:30:28,0,4695,0,NO
2006-08-23 00:30:27,0,2542,0,NO
2006-08-23 01:30:28,0,1982,0,NO
2006-08-23 02:30:30,0,1816,0,NO
2006-08-23 03:30:28,0,2281,0,NO
2006-08-23 04:30:26,0,1898,0,NO
2006-08-23 05:30:28,0,2268,0,NO
2006-08-23 06:30:27,0,2216,0,NO
2006-08-23 07:30:27,0,2213,0,NO
2006-08-23 08:30:32,0,1835,0,NO
2006-08-23 09:30:30,0,2132,0,NO
2006-08-23 10:30:28,0,2143,0,NO
2006-08-23 11:30:34,0,2329,0,NO
2006-08-23 12:34:23,0,2000,0,NO
2006-08-23 13:30:30,0,2069,0,NO
2006-08-23 14:33:24,0,2245,0,NO
2006-08-23 15:33:13,0,3532,0,NO
2006-08-23 16:38:14,0,1973,0,NO
2006-08-23 17:37:26,0,2101,0,NO
2006-08-23 18:33:30,0,9940,0,NO
2006-08-23 19:40:34,0,7767,0,NO
2006-08-23 20:48:26,0,10324,0,NO
2006-08-23 21:31:04,0,2887,0,NO
2006-08-23 22:33:20,0,9058,0,NO
2006-08-23 23:36:25,0,3917,0,NO
2006-08-24 00:31:06,0,3545,0,NO
2006-08-24 01:31:18,0,3034,0,NO
2006-08-24 02:34:32,0,10666,0,NO
2006-08-24 03:36:04,0,10177,0,NO
2006-08-24 04:41:46,0,3379,0,NO
2006-08-24 05:41:08,0,2989,0,NO
2006-08-24 06:44:40,0,9728,0,NO
2006-08-24 07:39:48,0,6391,0,NO
2006-08-24 08:40:34,0,3533,0,NO
2006-08-24 09:30:57,0,3068,0,NO
2006-08-24 10:31:13,0,2391,0,NO
2006-08-24 11:31:07,0,3654,0,NO
2006-08-24 12:31:15,0,3533,0,NO
2006-08-24 13:31:10,0,4311,0,NO
2006-08-24 14:31:20,0,1942,0,NO
2006-08-24 15:31:03,0,2488,0,NO
2006-08-24 16:31:09,0,3130,0,NO
2006-08-24 17:31:14,0,2641,0,NO
2006-08-24 18:31:05,0,3742,0,NO
2006-08-24 19:31:18,0,3163,0,NO
2006-08-24 20:31:06,0,4109,0,NO
2006-08-24 21:31:15,0,2858,0,NO
2006-08-24 22:31:06,0,3592,0,NO
2006-08-24 23:30:58,0,2568,0,NO
2006-08-25 00:31:19,0,4644,0,NO
2006-08-25 01:31:20,0,2426,0,NO
2006-08-25 02:31:10,0,2656,0,NO
2006-08-25 03:31:01,0,3474,0,NO
2006-08-25 04:31:20,0,2875,0,NO
2006-08-25 05:31:06,0,2417,0,NO
2006-08-25 06:31:14,0,2292,0,NO
2006-08-25 07:31:17,0,6966,0,NO
2006-08-25 08:31:05,0,2684,0,NO
2006-08-25 09:31:15,0,3068,0,NO
2006-08-25 10:31:09,0,5640,0,NO
2006-08-25 11:31:23,0,3805,0,NO
2006-08-25 12:31:43,0,2921,0,NO
2006-08-25 13:31:19,0,5401,0,NO
2006-08-25 14:31:24,0,4710,0,NO
2006-08-25 15:31:22,0,3497,0,NO
2006-08-25 16:31:02,0,2818,0,NO
2006-08-25 17:31:08,0,3641,0,NO
2006-08-25 18:31:11,0,3150,0,NO
2006-08-25 19:31:04,0,3036,0,NO
2006-08-25 20:31:17,0,2366,0,NO
2006-08-25 21:31:17,0,3334,0,NO
2006-08-25 22:31:34,0,2783,0,NO
2006-08-25 23:31:12,0,3679,0,NO
2006-08-26 00:31:00,0,2852,0,NO
2006-08-26 01:31:11,0,2383,0,NO
2006-08-26 02:31:11,0,2461,0,NO
2006-08-26 03:31:23,0,3621,0,NO
2006-08-26 04:31:31,0,2205,0,NO
2006-08-26 05:31:09,0,2228,0,NO
2006-08-26 06:31:08,0,2254,0,NO
2006-08-26 07:31:32,0,3216,0,NO
2006-08-26 08:33:56,0,2534,0,NO
2006-08-26 09:31:26,0,2662,0,NO
2006-08-26 10:31:06,0,3168,0,NO
2006-08-26 11:31:04,0,10021,0,NO
2006-08-26 12:31:12,0,3183,0,NO
2006-08-26 13:30:56,0,8491,0,NO
2006-08-26 14:31:19,0,2604,0,NO
2006-08-26 15:31:18,0,6370,0,NO
2006-08-26 16:31:09,0,3734,0,NO
2006-08-26 17:31:18,0,2961,0,NO
2006-08-26 18:31:16,0,2307,0,NO
2006-08-26 19:31:01,0,2659,0,NO
2006-08-26 20:31:02,0,3506,0,NO
2006-08-26 21:31:10,0,3493,0,NO
2006-08-26 22:31:08,0,2210,0,NO
2006-08-26 23:31:08,0,3497,0,NO
2006-08-27 00:31:08,0,4014,0,NO
2006-08-27 01:31:09,0,2734,0,NO
2006-08-27 02:31:05,0,2066,0,NO
2006-08-27 03:31:25,0,2909,0,NO
2006-08-27 04:31:11,0,3063,0,NO
2006-08-27 05:31:09,0,2979,0,NO
2006-08-27 06:31:15,0,2699,0,NO
2006-08-27 07:31:05,0,2948,0,NO
2006-08-27 08:31:06,0,3847,0,NO
2006-08-27 09:31:07,0,2519,0,NO
2006-08-27 10:31:10,0,6610,0,NO
2006-08-27 11:31:05,0,5473,0,NO
2006-08-27 12:31:03,0,3783,0,NO
2006-08-27 13:31:14,0,4657,0,YES
2006-08-27 14:31:09,0,4409,0,NO
2006-08-27 15:31:24,0,3107,0,NO
2006-08-27 16:31:04,0,2872,0,YES
2006-08-27 17:31:13,0,4589,0,YES
2006-08-27 18:31:01,0,6537,0,NO
2006-08-27 19:31:05,0,2716,0,YES
2006-08-27 20:31:21,0,4461,0,NO
2006-08-27 21:31:06,0,2971,0,NO
2006-08-27 22:31:15,0,2422,0,NO
2006-08-27 23:31:11,0,2957,0,NO
2006-08-28 00:31:24,0,3161,0,NO
2006-08-28 01:31:10,0,2937,0,NO
2006-08-28 02:31:16,0,3467,0,NO
2006-08-28 03:30:57,0,3057,0,NO
2006-08-28 04:31:08,0,2312,0,NO
2006-08-28 05:31:10,0,3665,0,NO
2006-08-28 06:31:08,0,3152,0,NO
2006-08-28 07:31:12,0,4872,0,NO
2006-08-28 08:31:22,0,3643,0,NO
2006-08-28 09:31:22,0,3051,0,NO
2006-08-28 10:31:10,0,3241,0,NO
2006-08-28 11:31:04,0,3452,0,NO
2006-08-28 12:31:20,0,6721,0,NO
2006-08-28 13:31:18,0,7925,0,NO
2006-08-28 14:30:33,0,2024,0,NO
2006-08-28 15:30:37,0,2668,0,NO
2006-08-28 16:30:34,0,9998,0,NO
2006-08-28 17:30:30,0,1842,0,NO
2006-08-28 18:30:41,0,2115,0,NO
2006-08-28 19:30:27,0,2471,0,NO
2006-08-28 20:30:39,0,2411,0,NO
2006-08-28 21:30:35,0,2012,0,NO
2006-08-28 22:30:27,0,3172,0,NO
2006-08-28 23:30:29,0,2310,0,NO
2006-08-29 00:30:30,0,1993,0,NO
2006-08-29 01:30:28,0,1967,0,NO
2006-08-29 02:30:29,0,2069,0,NO
2006-08-29 03:30:31,0,1932,0,NO
2006-08-29 04:30:27,0,2165,0,NO
2006-08-29 05:30:28,0,2678,0,NO
2006-08-29 06:30:28,0,2120,0,NO
2006-08-29 07:30:27,0,2564,0,NO
2006-08-29 08:30:33,0,5043,0,NO
2006-08-29 09:30:31,0,7310,0,NO
2006-08-29 10:30:39,0,2161,0,NO
2006-08-29 11:30:39,0,5105,0,NO
2006-08-29 12:30:34,0,2162,0,NO
2006-08-29 13:30:30,0,1810,0,NO
2006-08-29 14:30:54,0,2934,0,NO
2006-08-29 15:30:33,0,2241,0,NO
2006-08-29 16:30:42,0,2689,0,NO
2006-08-29 17:30:32,0,2362,0,NO
2006-08-29 18:30:29,0,2373,0,NO
2006-08-29 19:30:27,0,2045,0,NO
2006-08-29 20:30:29,0,2341,0,NO
2006-08-29 21:30:32,0,2663,0,NO
2006-08-29 22:30:36,0,3804,0,NO
2006-08-29 23:30:29,0,1962,0,NO
2006-08-30 00:30:33,0,1859,0,NO
2006-08-30 01:30:27,0,1880,0,NO
2006-08-30 02:30:29,0,1802,0,NO
2006-08-30 03:30:27,0,2709,0,NO
2006-08-30 04:30:28,0,2118,0,NO
2006-08-30 05:30:28,0,2186,0,NO
2006-08-30 06:30:27,0,2878,0,NO
2006-08-30 07:30:29,0,1982,0,NO
2006-08-30 08:30:30,0,2777,0,NO
2006-08-30 09:30:29,0,7565,0,NO
2006-08-30 10:30:39,0,3658,0,YES
2006-08-30 11:30:31,0,2284,0,NO
2006-08-30 12:30:31,0,2619,0,YES
2006-08-30 13:30:28,0,6146,0,NO
2006-08-30 14:30:34,0,8820,0,NO
2006-08-30 15:30:43,0,6975,0,NO
2006-08-30 16:30:45,0,4338,0,NO
2006-08-30 17:30:32,0,2207,0,NO
2006-08-30 18:30:31,0,1898,0,NO
2006-08-30 19:30:26,0,1875,0,NO
2006-08-30 20:30:28,0,2063,0,NO
2006-08-30 21:30:27,0,3528,0,NO
2006-08-30 22:30:32,0,2150,0,NO
2006-08-30 23:30:27,0,2126,0,NO
2006-08-31 00:30:30,0,2368,0,NO
2006-08-31 01:30:27,0,1981,0,NO
2006-08-31 02:30:29,0,2093,0,NO
2006-08-31 03:30:27,0,1767,0,NO
2006-08-31 04:30:27,0,1755,0,NO
2006-08-31 05:30:29,0,2024,0,NO
2006-08-31 06:30:27,0,1811,0,NO
2006-08-31 07:30:27,0,2230,0,NO
2006-08-31 08:30:39,0,3272,0,NO
2006-08-31 09:30:28,0,2358,0,NO
2006-08-31 10:30:44,0,4443,0,NO
2006-08-31 11:30:30,0,2201,0,NO
2006-08-31 12:30:28,0,2453,0,NO
2006-08-31 13:30:29,0,1934,0,NO
2006-08-31 14:30:33,0,3326,0,YES
2006-08-31 15:30:29,0,2022,0,NO
2006-08-31 16:30:30,0,2121,0,NO
2006-08-31 17:30:31,0,1974,0,NO
2006-08-31 18:30:35,0,2458,0,NO
2006-08-31 19:30:36,0,2590,0,NO
2006-08-31 20:30:30,0,2351,0,NO
2006-08-31 21:30:29,0,2270,0,NO
2006-08-31 22:30:28,0,2143,0,NO
2006-08-31 23:30:28,0,2230,0,NO
2006-09-01 00:30:28,0,2069,0,NO
2006-09-01 01:30:30,0,1844,0,NO
2006-09-01 02:30:28,0,2218,0,NO
2006-09-01 03:30:27,0,2131,0,NO
2006-09-01 04:30:31,0,2451,0,NO
2006-09-01 05:30:28,0,2556,0,NO
2006-09-01 06:30:30,0,2007,0,NO
2006-09-01 07:30:27,0,2795,0,NO
2006-09-01 08:30:29,0,2555,0,NO
2006-09-01 09:30:28,0,2030,0,NO
2006-09-01 10:30:29,0,2185,0,NO
2006-09-01 11:30:29,0,2296,0,NO
2006-09-01 12:30:28,0,2033,0,NO
2006-09-01 13:30:33,0,1823,0,NO
2006-09-01 14:30:33,0,2465,0,NO
2006-09-01 15:30:27,0,5859,0,NO
2006-09-01 16:30:31,0,2475,0,NO
2006-09-01 17:30:28,0,1831,0,NO
2006-09-01 18:30:32,0,1968,0,NO
2006-09-01 19:30:27,0,2725,0,NO
2006-09-01 20:30:27,0,2029,0,NO
2006-09-01 21:30:26,0,2220,0,NO
2006-09-01 22:30:27,0,2034,0,NO
2006-09-01 23:30:27,0,1913,0,NO
2006-09-02 00:30:34,0,2026,0,NO
2006-09-02 01:30:27,0,2067,0,NO
2006-09-02 02:30:27,0,2215,0,NO
2006-09-02 03:30:28,0,1987,0,NO
2006-09-02 04:30:25,0,1980,0,NO
2006-09-02 05:30:28,0,1824,0,NO
2006-09-02 06:30:32,0,2154,0,NO
2006-09-02 07:30:28,0,1823,0,NO
2006-09-02 08:30:28,0,1900,0,NO
2006-09-02 09:30:29,0,1933,0,NO
2006-09-02 10:30:29,0,1902,0,NO
2006-09-02 11:30:29,0,1984,0,NO
2006-09-02 12:30:28,0,2051,0,NO
2006-09-02 13:30:26,0,2024,0,NO
2006-09-02 14:30:28,0,2183,0,NO
2006-09-02 15:30:29,0,2210,0,NO
2006-09-02 16:30:29,0,1928,0,NO
2006-09-02 17:30:29,0,2352,0,NO
2006-09-02 18:30:29,0,2152,0,NO
2006-09-02 19:30:33,0,2301,0,NO
2006-09-02 20:30:28,0,1932,0,NO
2006-09-02 21:30:33,0,1753,0,NO
2006-09-02 22:31:41,0,2569,0,NO
2006-09-02 23:30:28,0,2059,0,NO
2006-09-03 00:30:28,0,2214,0,NO
2006-09-03 01:30:28,0,1919,0,NO
2006-09-03 02:30:27,0,1862,0,NO
2006-09-03 03:30:27,0,2029,0,NO
2006-09-03 04:30:29,0,2198,0,NO
2006-09-03 05:30:29,0,1958,0,NO
2006-09-03 06:30:28,0,1978,0,NO
2006-09-03 07:30:29,0,1958,0,NO
2006-09-03 08:30:33,0,1916,0,NO
2006-09-03 09:30:27,0,1991,0,NO
2006-09-03 10:30:28,0,1913,0,NO
2006-09-03 11:30:34,0,1762,0,NO
2006-09-03 12:30:27,0,4903,0,NO
2006-09-03 13:30:28,0,2948,0,NO
2006-09-03 14:30:26,0,1908,0,NO
2006-09-03 15:30:27,0,2046,0,NO
2006-09-03 16:30:27,0,3201,0,NO
2006-09-03 17:30:28,0,1779,0,NO
2006-09-03 18:30:34,0,1851,0,NO
2006-09-03 19:30:28,0,2249,0,NO
2006-09-03 20:30:31,0,2505,0,NO
2006-09-03 21:30:31,0,1784,0,NO
2006-09-03 22:30:30,0,1802,0,NO
2006-09-03 23:30:31,0,1950,0,NO
2006-09-04 00:30:28,0,2062,0,NO
2006-09-04 01:30:32,0,1908,0,NO
2006-09-04 02:30:26,0,1971,0,NO
2006-09-04 03:30:29,0,2451,0,NO
2006-09-04 04:30:26,0,1756,0,NO
2006-09-04 05:30:28,0,2246,0,NO
2006-09-04 06:30:28,0,1915,0,NO
2006-09-04 07:30:27,0,1844,0,NO
2006-09-04 08:30:29,0,6845,0,NO
2006-09-04 09:30:30,0,2193,0,NO
2006-09-04 10:30:42,0,2748,0,NO
2006-09-04 11:30:28,0,2379,0,NO
2006-09-04 12:30:30,0,1885,0,NO
2006-09-04 13:30:29,0,2793,0,NO
2006-09-04 14:30:31,0,2435,0,NO
2006-09-04 15:30:33,0,2069,0,NO
2006-09-04 16:30:28,0,1825,0,NO
2006-09-04 17:30:31,0,3091,0,NO
2006-09-04 18:30:34,0,3080,0,NO
2006-09-04 19:30:28,0,7511,0,NO
2006-09-04 20:30:28,0,1981,0,NO
2006-09-04 21:30:27,0,2093,0,NO
2006-09-04 22:30:28,0,1942,0,NO
2006-09-04 23:30:26,0,2032,0,NO
2006-09-05 00:30:28,0,2290,0,NO
2006-09-05 01:30:35,0,3169,0,NO
2006-09-05 02:30:31,0,1958,0,NO
2006-09-05 03:30:29,0,2083,0,NO
2006-09-05 04:30:27,0,2601,0,NO
2006-09-05 05:30:27,0,1856,0,NO
2006-09-05 06:30:31,0,1898,0,NO
2006-09-05 07:30:33,0,1856,0,NO
2006-09-05 08:30:37,0,2283,0,NO
2006-09-05 09:30:33,0,2996,0,NO
2006-09-05 10:30:32,0,2169,0,NO
2006-09-05 11:30:41,0,1936,0,NO
2006-09-05 12:30:27,0,2678,0,NO
2006-09-05 13:30:30,0,7260,0,NO
2006-09-05 14:30:39,0,8835,0,NO
2006-09-05 15:30:30,0,5957,0,NO
2006-09-05 16:30:33,0,2237,0,NO
2006-09-05 17:30:48,0,2039,0,NO
2006-09-05 18:30:28,0,1862,0,NO
2006-09-05 19:30:29,0,2221,0,NO
2006-09-05 20:30:29,0,3111,0,NO
2006-09-05 21:30:28,0,1883,0,NO
2006-09-05 22:30:34,0,2437,0,NO
2006-09-05 23:30:29,0,2501,0,NO
2006-09-06 00:30:28,0,1964,0,NO
2006-09-06 01:30:29,0,2316,0,NO
2006-09-06 02:30:29,0,2075,0,NO
2006-09-06 03:30:29,0,2974,0,NO
2006-09-06 04:30:27,0,1879,0,NO
2006-09-06 05:30:28,0,2132,0,NO
2006-09-06 06:30:28,0,1858,0,NO
2006-09-06 07:30:28,0,1859,0,NO
2006-09-06 08:30:25,0,2361,0,NO
2006-09-06 09:30:34,0,2281,0,NO
2006-09-06 10:31:06,0,4852,0,NO
2006-09-06 11:30:41,0,7231,0,NO
2006-09-06 12:30:28,0,2114,0,NO
2006-09-06 13:30:29,0,6892,0,NO
2006-09-06 14:30:35,0,2069,0,NO
2006-09-06 15:30:33,0,2511,0,NO
2006-09-06 16:30:27,0,4607,0,NO
2006-09-06 17:30:33,0,2462,0,NO
2006-09-06 18:30:30,0,2314,0,NO
2006-09-06 19:30:32,0,2406,0,NO
2006-09-06 20:30:51,0,2173,0,NO
2006-09-06 21:30:36,0,1863,0,NO
2006-09-06 22:30:28,0,2725,0,NO
2006-09-06 23:30:27,0,1964,0,NO
2006-09-07 00:30:27,0,2409,0,YES
2006-09-07 01:30:27,0,2490,0,NO
2006-09-07 07:30:27,0,2591,0,NO
2006-09-07 08:30:32,0,2631,0,NO
2006-09-07 09:30:41,0,9463,0,NO
2006-09-07 10:30:45,0,3806,0,NO
2006-09-07 11:30:46,0,4472,0,NO
2006-09-07 12:30:33,0,3624,0,NO
2006-09-07 13:30:28,0,2031,0,NO
2006-09-07 14:30:28,0,2321,0,NO
2006-09-07 15:30:29,0,2313,0,NO
2006-09-07 16:30:37,0,2699,0,NO
2006-09-07 17:30:33,0,2845,0,NO
2006-09-07 18:30:29,0,1901,0,NO
2006-09-07 19:30:29,0,2081,0,NO
2006-09-07 20:30:28,0,2313,0,YES
2006-09-07 21:30:28,0,2180,0,NO
2006-09-07 22:30:31,0,1851,0,NO
2006-09-07 23:30:29,0,2389,0,NO
2006-09-08 00:30:28,0,2108,0,NO
2006-09-08 01:30:29,0,3067,0,NO
2006-09-08 02:30:29,0,1889,0,NO
2006-09-08 03:30:40,0,1763,0,NO
2006-09-08 04:30:27,0,2033,0,NO
2006-09-08 05:30:28,0,3055,0,NO
2006-09-08 06:30:28,0,2276,0,NO
2006-09-08 07:32:59,0,2212,0,NO
2006-09-08 08:30:34,0,2657,0,NO
2006-09-08 09:30:40,0,5297,0,NO
2006-09-08 10:30:33,0,2058,0,NO
2006-09-08 11:30:42,0,2455,0,NO
2006-09-08 12:30:39,0,4970,0,NO
2006-09-08 13:30:36,0,2261,0,NO
2006-09-08 14:30:42,0,1941,0,NO
2006-09-08 15:30:33,0,2047,0,NO
2006-09-08 16:30:34,0,6826,0,NO
2006-09-08 17:30:34,0,2221,0,NO
2006-09-08 18:30:28,0,1867,0,NO
2006-09-08 19:30:32,0,2619,0,NO
2006-09-08 20:30:29,0,2253,0,NO
2006-09-08 21:30:29,0,2119,0,NO
2006-09-08 22:30:32,0,1888,0,NO
2006-09-08 23:30:28,0,3968,0,NO
2006-09-09 00:30:28,0,2078,0,NO
2006-09-09 01:30:27,0,2055,0,NO
2006-09-09 02:30:27,0,1887,0,NO
2006-09-09 03:30:29,0,2062,0,NO
2006-09-09 04:30:30,0,2845,0,NO
2006-09-09 05:30:27,0,1801,0,NO
2006-09-09 06:30:28,0,1960,0,NO
2006-09-09 07:30:28,0,1748,0,NO
2006-09-09 08:30:28,0,2048,0,NO
2006-09-09 09:30:27,0,2429,0,NO
2006-09-09 10:30:27,0,2015,0,NO
2006-09-09 11:30:31,0,1920,0,NO
2006-09-09 12:30:32,0,1875,0,NO
2006-09-09 13:30:31,0,1754,0,NO
2006-09-09 14:30:32,0,4293,0,NO
2006-09-09 15:30:29,0,2229,0,NO
2006-09-09 16:30:27,0,2121,0,NO
2006-09-09 17:30:30,0,1933,0,NO
2006-09-09 18:30:27,0,1880,0,NO
2006-09-09 19:30:26,0,2090,0,NO
2006-09-09 20:30:36,0,2652,0,NO
2006-09-09 21:30:31,0,1985,0,NO
2006-09-09 22:30:28,0,2989,0,NO
2006-09-09 23:30:33,0,2510,0,NO
2006-09-10 00:30:28,0,2231,0,NO
2006-09-10 01:30:27,0,1995,0,NO
2006-09-10 02:30:27,0,2170,0,NO
2006-09-10 03:30:28,0,2026,0,NO
2006-09-10 04:30:30,0,2015,0,NO
2006-09-10 05:30:30,0,1808,0,NO
2006-09-10 06:30:29,0,1830,0,NO
2006-09-10 07:30:29,0,1882,0,NO
2006-09-10 08:30:28,0,1979,0,NO
2006-09-10 09:30:28,0,1859,0,NO
2006-09-10 10:30:37,0,1869,0,NO
2006-09-10 11:30:26,0,1780,0,NO
2006-09-10 12:30:28,0,1963,0,NO
2006-09-10 13:30:29,0,1863,0,NO
2006-09-10 14:30:30,0,2093,0,NO
2006-09-10 15:30:26,0,1772,0,NO
2006-09-10 16:30:28,0,1823,0,NO
2006-09-10 17:30:34,0,1866,0,NO
2006-09-10 18:30:29,0,1877,0,NO
2006-09-10 19:30:27,0,2728,0,NO
2006-09-10 20:30:31,0,2665,0,NO
2006-09-10 21:30:31,0,1902,0,NO
2006-09-10 22:30:28,0,1965,0,NO
2006-09-10 23:30:28,0,1870,0,NO
2006-09-11 00:30:33,0,2372,0,NO
2006-09-11 01:30:27,0,2135,0,NO
2006-09-11 02:30:29,0,2678,0,NO
2006-09-11 03:30:28,0,1738,0,NO
2006-09-11 04:30:27,0,2001,0,NO
2006-09-11 05:30:32,0,2068,0,NO
2006-09-11 06:30:29,0,2301,0,NO
2006-09-11 07:30:27,0,1891,0,NO
2006-09-11 08:30:35,0,3235,0,NO
2006-09-11 09:30:29,0,2723,0,NO
2006-09-11 10:30:39,0,4430,0,NO
2006-09-11 11:30:33,0,3293,0,NO
2006-09-11 12:30:41,0,2344,0,NO
2006-09-11 13:30:33,0,4800,0,NO
2006-09-11 14:30:36,0,11869,0,NO
2006-09-11 15:30:35,0,2837,0,NO
2006-09-11 16:30:32,0,2082,0,NO
2006-09-11 17:30:28,0,2414,0,NO
2006-09-11 18:30:31,0,4263,0,NO
2006-09-11 19:30:31,0,5017,0,NO
2006-09-11 20:30:36,0,2074,0,NO
2006-09-11 21:30:28,0,1792,0,NO
2006-09-11 22:30:28,0,1818,0,NO
2006-09-11 23:30:27,0,1845,0,NO
2006-09-12 00:30:28,0,2054,0,NO
2006-09-12 01:30:31,0,2347,0,NO
2006-09-12 02:30:27,0,2151,0,NO
2006-09-12 03:30:28,0,2035,0,NO
2006-09-12 04:30:27,0,1778,0,NO
2006-09-12 05:30:29,0,2036,0,NO
2006-09-12 06:30:29,0,1907,0,NO
2006-09-12 07:30:37,0,2106,0,NO
2006-09-12 08:30:38,0,2706,0,NO
2006-09-12 09:30:30,0,3651,0,NO
2006-09-12 10:30:32,0,3049,0,NO
2006-09-12 11:30:43,0,3312,0,NO
2006-09-12 12:30:44,0,10952,0,NO
2006-09-12 13:30:32,0,3830,0,NO
2006-09-12 14:30:48,0,8106,0,NO
2006-09-12 15:30:38,0,6667,0,NO
2006-09-12 16:31:04,0,5489,0,NO
2006-09-12 17:30:42,0,3701,0,NO
2006-09-12 18:30:49,0,4307,0,NO
2006-09-12 19:30:45,0,3336,0,NO
2006-09-12 20:30:30,0,2224,0,NO
2006-09-12 21:30:29,0,2970,0,NO
2006-09-12 22:30:33,0,2173,0,NO
2006-09-12 23:30:27,0,2771,0,NO
2006-09-13 00:30:28,0,2212,0,NO
2006-09-13 01:30:31,0,2460,0,NO
2006-09-13 02:30:31,0,1895,0,NO
2006-09-13 03:30:32,0,1943,0,NO
2006-09-13 04:30:28,0,1801,0,NO
2006-09-13 05:30:28,0,1932,0,NO
2006-09-13 06:30:28,0,1992,0,NO
2006-09-13 07:30:34,0,1954,0,NO
2006-09-13 08:30:34,0,6885,0,NO
2006-09-13 09:30:34,0,2086,0,NO
2006-09-13 10:30:31,0,2248,0,NO
2006-09-13 11:30:39,0,3902,0,NO
2006-09-13 12:30:39,0,3464,0,NO
2006-09-13 13:30:34,0,2319,0,NO
2006-09-13 14:30:39,0,3091,0,NO
2006-09-13 15:30:36,0,5248,0,NO
2006-09-13 16:30:37,0,3186,0,NO
2006-09-13 17:30:31,0,2120,0,NO
2006-09-13 18:30:36,0,7064,0,NO
2006-09-13 19:30:33,0,2700,0,NO
2006-09-13 20:30:28,0,2392,0,NO
2006-09-13 21:30:28,0,5211,0,NO
2006-09-13 22:30:28,0,2190,0,NO
2006-09-13 23:30:32,0,1818,0,NO
2006-09-14 00:30:28,0,2902,0,NO
2006-09-14 01:30:28,0,1885,0,NO
2006-09-14 02:30:32,0,2269,0,NO
2006-09-14 03:30:32,0,1729,0,NO
2006-09-14 04:30:36,0,1770,0,NO
2006-09-14 05:30:29,0,2430,0,NO
2006-09-14 06:30:27,0,7469,0,NO
2006-09-14 07:30:31,0,1873,0,NO
2006-09-14 08:30:28,0,7365,0,NO
2006-09-14 09:30:41,0,3277,0,NO
2006-09-14 10:30:30,0,3048,0,NO
2006-09-14 11:30:54,0,9746,0,NO
2006-09-14 12:30:51,0,3108,0,NO
2006-09-14 13:30:34,0,2650,0,NO
2006-09-14 14:30:43,0,10425,0,NO
2006-09-14 15:30:32,0,4337,0,NO
2006-09-14 16:30:32,0,10069,0,NO
2006-09-14 17:30:31,0,8405,0,NO
2006-09-14 18:30:39,0,3339,0,NO
2006-09-14 19:30:34,0,5832,0,NO
2006-09-14 20:30:29,0,9504,0,NO
2006-09-14 21:30:37,0,3790,0,NO
2006-09-14 22:30:29,0,2870,0,NO
2006-09-14 23:30:31,0,2105,0,NO
2006-09-15 00:30:30,0,1876,0,NO
2006-09-15 01:30:31,0,1763,0,NO
2006-09-15 02:30:27,0,4059,0,NO
2006-09-15 03:30:27,0,3264,0,NO
2006-09-15 04:30:27,0,2026,0,NO
2006-09-15 05:30:29,0,1977,0,NO
2006-09-15 06:30:30,0,2020,0,NO
2006-09-15 07:30:30,0,2211,0,NO
2006-09-15 08:34:57,0,41066,0,YES
2006-09-15 09:30:44,0,10640,0,NO
2006-09-15 10:30:33,0,10463,0,NO
2006-09-15 11:30:50,0,6038,0,NO
2006-09-15 12:30:31,0,2709,0,NO
2006-09-15 13:30:58,0,5074,0,NO
2006-09-15 14:30:28,0,3755,0,NO
2006-09-15 15:30:31,0,2327,0,NO
2006-09-15 16:30:30,0,2707,0,NO
2006-09-15 17:30:29,0,1961,0,NO
2006-09-15 18:33:30,0,2548,0,NO
2006-09-15 19:30:29,0,1967,0,NO
2006-09-15 20:30:28,0,4132,0,NO
2006-09-15 21:35:11,0,2342,0,NO
2006-09-15 22:34:20,0,1774,0,NO
2006-09-15 23:30:28,0,1969,0,NO
2006-09-16 00:43:31,0,1746,0,NO
2006-09-16 01:30:28,0,1747,0,NO
2006-09-16 02:30:28,0,2311,0,NO
2006-09-16 03:30:29,0,2434,0,NO
2006-09-16 04:30:28,0,2017,0,NO
2006-09-16 05:30:28,0,1835,0,NO
2006-09-16 06:30:29,0,2211,0,NO
2006-09-16 07:30:29,0,2024,0,NO
2006-09-16 08:30:29,0,2239,0,NO
2006-09-16 09:30:31,0,2156,0,NO
2006-09-16 10:30:29,0,1809,0,NO
2006-09-16 11:30:31,0,2345,0,NO
2006-09-16 12:30:30,0,2000,0,NO
2006-09-16 13:30:30,0,1745,0,NO
2006-09-16 14:30:29,0,1918,0,NO
2006-09-16 15:30:29,0,1847,0,NO
2006-09-16 16:30:35,0,1925,0,NO
2006-09-16 17:30:27,0,2108,0,NO
2006-09-16 18:30:29,0,1817,0,NO
2006-09-16 19:30:27,0,1786,0,NO
2006-09-16 20:30:27,0,1731,0,NO
2006-09-16 21:30:28,0,1792,0,NO
2006-09-16 22:30:30,0,1777,0,NO
2006-09-16 23:30:33,0,1856,0,NO
2006-09-17 00:30:28,0,3851,0,NO
2006-09-17 01:30:28,0,2130,0,NO
2006-09-17 02:30:27,0,3182,0,NO
2006-09-17 03:30:27,0,2068,0,NO
2006-09-17 04:30:33,0,1717,0,NO
2006-09-17 05:30:29,0,2053,0,NO
2006-09-17 06:30:27,0,1990,0,NO
2006-09-17 07:30:29,0,2383,0,NO
2006-09-17 08:30:30,0,2339,0,NO
2006-09-17 09:30:30,0,1972,0,NO
2006-09-17 10:30:28,0,2275,0,NO
2006-09-18 17:30:38,0,13453,0,NO
2006-09-18 18:34:47,0,7879,0,NO
2006-09-18 19:38:05,0,6881,0,NO
2006-09-18 20:33:26,0,2446,0,YES
2006-09-18 21:32:55,0,2079,0,NO
2006-09-18 22:33:38,0,2035,0,NO
2006-09-18 23:30:28,0,2181,0,NO
2006-09-19 00:30:33,0,2301,0,NO
2006-09-19 01:30:27,0,2101,0,NO
2006-09-19 02:30:30,0,2212,0,NO
2006-09-19 03:30:33,0,1753,0,NO
2006-09-19 04:30:32,0,1738,0,NO
2006-09-19 05:30:31,0,2188,0,NO
2006-09-19 06:30:31,0,1915,0,NO
2006-09-19 07:30:36,0,2138,0,NO
2006-09-19 08:30:38,0,3391,0,NO
2006-09-19 09:30:47,0,1977,0,NO
2006-09-19 10:30:51,0,3291,0,NO
2006-09-19 11:30:34,0,7426,0,YES
2006-09-19 12:30:36,0,7568,0,NO
2006-09-19 13:30:31,0,5652,0,NO
2006-09-19 14:30:46,0,5438,0,NO
2006-09-19 15:30:37,0,6163,0,NO
2006-09-19 16:30:35,0,2062,0,NO
2006-09-19 17:30:28,0,3910,0,NO
2006-09-19 18:30:29,0,3702,0,NO
2006-09-19 19:30:38,0,1744,0,NO
2006-09-19 20:30:31,0,3470,0,NO
2006-09-19 21:30:37,0,1714,0,NO
2006-09-19 22:30:30,0,1845,0,NO
2006-09-19 23:30:28,0,1671,0,NO
2006-09-20 00:30:28,0,1820,0,NO
2006-09-20 01:30:29,0,4032,0,NO
2006-09-20 02:33:37,0,1903,0,NO
2006-09-20 03:30:28,0,2176,0,NO
2006-09-20 04:30:31,0,2546,0,NO
2006-09-20 05:30:27,0,1969,0,NO
2006-09-20 06:30:28,0,1921,0,NO
2006-09-20 07:30:30,0,2936,0,NO
2006-09-20 08:30:27,0,2361,0,NO
2006-09-20 09:30:47,0,5299,0,NO
2006-09-20 10:30:41,0,8355,0,NO
2006-09-20 11:31:04,0,6868,0,NO
2006-09-20 12:30:48,0,5482,0,NO
2006-09-20 13:30:37,0,10120,0,NO
2006-09-20 14:30:47,0,7981,0,NO
2006-09-20 15:30:43,0,7389,0,NO
2006-09-20 16:30:30,0,3060,0,NO
2006-09-20 17:30:42,0,8078,0,NO
2006-09-20 18:30:39,0,5357,0,NO
2006-09-20 19:30:49,0,2255,0,NO
2006-09-20 20:30:28,0,1956,0,NO
2006-09-20 21:30:32,0,2172,0,NO
2006-09-20 22:30:28,0,1697,0,NO
2006-09-20 23:30:31,0,2185,0,NO
2006-09-21 00:30:40,0,2815,0,NO
2006-09-21 01:30:28,0,2033,0,NO
2006-09-21 02:30:29,0,1872,0,NO
2006-09-21 03:30:27,0,1884,0,NO
2006-09-21 04:30:28,0,2915,0,NO
2006-09-21 05:30:28,0,2104,0,NO
2006-09-21 06:30:30,0,1917,0,NO
2006-09-21 07:30:27,0,1984,0,NO
2006-09-21 08:30:36,0,2356,0,NO
2006-09-21 09:30:34,0,2062,0,NO
2006-09-21 10:30:51,0,3909,0,NO
2006-09-21 11:30:52,0,2010,0,NO
2006-09-21 12:30:38,0,2038,0,NO
2006-09-21 13:30:50,0,7935,0,NO
2006-09-21 14:30:44,0,8318,0,NO
2006-09-21 15:30:34,0,2236,0,NO
2006-09-21 16:30:35,0,9150,0,NO
2006-09-21 17:30:28,0,6726,0,NO
2006-09-21 18:30:32,0,9931,0,NO
2006-09-21 19:30:28,0,10074,0,NO
2006-09-21 20:30:33,0,2423,0,NO
2006-09-21 21:30:28,0,3296,0,NO
2006-09-21 22:30:29,0,1882,0,NO
2006-09-21 23:31:03,0,2241,0,NO
2006-09-22 00:30:30,0,3009,0,NO
2006-09-22 01:30:29,0,1850,0,NO
2006-09-22 02:30:28,0,2336,0,NO
2006-09-22 03:30:26,0,1918,0,NO
2006-09-22 04:30:28,0,1793,0,NO
2006-09-22 05:30:30,0,1783,0,NO
2006-09-22 06:30:27,0,5254,0,NO
2006-09-22 07:30:28,0,2108,0,NO
2006-09-22 08:30:38,0,2891,0,NO
2006-09-22 09:30:35,0,3491,0,NO
2006-09-22 10:30:44,0,13505,0,NO
2006-09-22 11:31:04,0,5645,0,NO
2006-09-22 12:30:40,0,5293,0,NO
2006-09-22 13:30:32,0,9519,0,NO
2006-09-22 14:30:32,0,2560,0,NO
2006-09-22 15:30:38,0,2059,0,NO
2006-09-22 16:30:32,0,2343,0,NO
2006-09-22 17:30:37,0,5351,0,NO
2006-09-22 18:30:35,0,3834,0,NO
2006-09-22 19:30:28,0,2383,0,NO
2006-09-22 20:30:32,0,4675,0,NO
2006-09-22 21:30:29,0,2187,0,NO
2006-09-22 22:30:28,0,1871,0,NO
2006-09-22 23:30:27,0,1742,0,NO
2006-09-23 00:30:28,0,6704,0,NO
2006-09-23 01:30:28,0,2392,0,NO
2006-09-23 02:30:32,0,4728,0,NO
2006-09-23 03:30:29,0,1705,0,NO
2006-09-23 04:30:29,0,1922,0,NO
2006-09-23 05:30:29,0,1913,0,NO
2006-09-23 06:30:28,0,2268,0,NO
2006-09-23 07:30:28,0,2389,0,NO
2006-09-23 08:30:28,0,1841,0,NO
2006-09-23 09:30:28,0,5588,0,NO
2006-09-23 10:30:27,0,2473,0,NO
2006-09-23 11:30:28,0,2744,0,NO
2006-09-23 12:30:30,0,1859,0,NO
2006-09-23 13:30:29,0,1918,0,NO
2006-09-23 14:30:27,0,1925,0,NO
2006-09-23 15:30:30,0,1966,0,NO
2006-09-23 16:30:29,0,1857,0,NO
2006-09-23 17:30:29,0,2239,0,NO
2006-09-23 18:30:29,0,2080,0,NO
2006-09-23 19:30:30,0,1763,0,NO
2006-09-23 20:30:30,0,1879,0,NO
2006-09-23 21:30:28,0,1824,0,NO
2006-09-23 22:30:29,0,2380,0,NO
2006-09-23 23:30:29,0,1696,0,NO
2006-09-24 00:30:28,0,1700,0,NO
2006-09-24 01:30:28,0,1836,0,NO
2006-09-24 02:30:28,0,2548,0,NO
2006-09-24 03:30:28,0,1697,0,NO
2006-09-24 04:30:28,0,1846,0,NO
2006-09-24 05:30:27,0,1679,0,NO
2006-09-24 06:30:27,0,1971,0,NO
2006-09-24 07:30:28,0,1922,0,NO
2006-09-24 08:30:28,0,1911,0,NO
2006-09-24 09:30:28,0,2084,0,NO
2006-09-24 10:30:31,0,3134,0,NO
2006-09-24 11:30:27,0,1698,0,NO
2006-09-24 12:30:30,0,1685,0,NO
2006-09-24 13:30:27,0,2593,0,NO
2006-09-24 14:30:30,0,1963,0,NO
2006-09-24 15:30:31,0,1967,0,NO
2006-09-24 16:30:28,0,1703,0,NO
2006-09-24 17:30:30,0,2528,0,NO
2006-09-24 18:30:26,0,1790,0,NO
2006-09-24 19:30:29,0,1813,0,NO
2006-09-24 20:30:29,0,1857,0,NO
2006-09-24 21:30:34,0,2076,0,NO
2006-09-24 22:30:27,0,1684,0,NO
2006-09-24 23:30:28,0,1828,0,NO
2006-09-25 00:30:28,0,4915,0,NO
2006-09-25 01:30:31,0,1670,0,NO
2006-09-25 02:30:27,0,2063,0,NO
2006-09-25 03:30:30,0,1680,0,NO
2006-09-25 04:30:27,0,1721,0,NO
2006-09-25 05:30:28,0,1673,0,NO
2006-09-25 06:30:34,0,2250,0,NO
2006-09-25 07:30:30,0,1746,0,NO
2006-09-25 08:30:31,0,2496,0,NO
2006-09-25 09:30:30,0,9309,0,NO
2006-09-25 10:30:31,0,11777,0,NO
2006-09-25 11:30:47,0,100557,0,NO
2006-09-25 12:30:34,0,3407,0,NO
2006-09-25 13:30:33,0,4268,0,NO
2006-09-25 14:30:48,0,13715,0,NO
2006-09-25 15:30:35,0,8778,0,NO
2006-09-25 16:30:31,0,8226,0,NO
2006-09-25 17:30:29,0,6746,0,NO
2006-09-25 18:30:33,0,2509,0,YES
2006-09-25 19:30:33,0,7275,0,NO
2006-09-25 20:30:30,0,2522,0,YES
2006-09-25 21:30:28,0,8489,0,NO
2006-09-25 22:30:28,0,4427,0,NO
2006-09-25 23:30:27,0,3587,0,NO
2006-09-26 00:30:28,0,3975,0,NO
2006-09-26 01:30:26,0,2054,0,NO
2006-09-26 02:30:35,0,2948,0,NO
2006-09-26 03:30:33,0,1745,0,NO
2006-09-26 04:30:33,0,1844,0,NO
2006-09-26 05:30:26,0,1905,0,NO
2006-09-26 06:30:30,0,1929,0,NO
2006-09-26 07:30:36,0,2246,0,NO
2006-09-26 08:30:26,0,2601,0,NO
2006-09-26 09:30:27,0,5157,0,NO
2006-09-26 10:30:43,0,17350,0,NO
2006-09-26 11:30:31,0,2048,0,NO
2006-09-26 12:30:38,0,10950,0,NO
2006-09-26 13:30:33,0,3083,0,NO
2006-09-26 14:30:42,0,3361,0,NO
2006-09-26 15:30:42,0,1738,0,NO
2006-09-26 16:30:43,0,7703,0,NO
2006-09-26 17:30:30,0,8607,0,NO
2006-09-26 18:30:42,0,7473,0,NO
2006-09-26 19:30:31,0,2322,0,YES
2006-09-26 20:30:35,0,4942,0,NO
2006-09-26 21:30:40,0,9298,0,NO
2006-09-26 22:30:37,0,7830,0,NO
2006-09-26 23:30:30,0,5565,0,NO
2006-09-27 00:30:28,0,2517,0,NO
2006-09-27 01:30:28,0,2536,0,NO
2006-09-27 02:30:28,0,3346,0,NO
2006-09-27 03:30:28,0,2356,0,NO
2006-09-27 04:30:27,0,2685,0,NO
2006-09-27 05:30:37,0,2444,0,NO
2006-09-27 06:30:29,0,1800,0,NO
2006-09-27 07:30:29,0,3499,0,NO
2006-09-27 08:30:28,0,8702,0,NO
2006-09-27 09:30:41,0,5592,0,NO
2006-09-27 10:30:42,0,3045,0,NO
2006-09-27 11:30:43,0,4349,0,NO
2006-09-27 12:30:36,0,2953,0,NO
2006-09-27 13:30:36,0,2919,0,NO
2006-09-27 14:30:43,0,4799,0,NO
2006-09-27 15:30:37,0,4624,0,NO
2006-09-27 16:30:37,0,21366,0,NO
2006-09-27 17:30:34,0,2300,0,NO
2006-09-27 18:30:34,0,2950,0,NO
2006-09-27 19:30:28,0,2362,0,NO
2006-09-27 20:30:27,0,3780,0,NO
2006-09-27 21:30:26,0,3610,0,NO
2006-09-27 22:30:28,0,5437,0,NO
2006-09-27 23:30:32,0,1986,0,NO
2006-09-28 00:30:27,0,2221,0,NO
2006-09-28 01:30:31,0,2889,0,NO
2006-09-28 02:30:27,0,2853,0,NO
2006-09-28 03:30:31,0,1969,0,NO
2006-09-28 04:30:28,0,2018,0,NO
2006-09-28 05:30:37,0,2292,0,NO
2006-09-28 06:30:27,0,3749,0,NO
2006-09-28 07:30:31,0,2088,0,NO
2006-09-28 08:30:29,0,2178,0,NO
2006-09-28 09:30:30,0,2456,0,NO
2006-09-28 10:30:36,0,4315,0,NO
2006-09-28 11:30:38,0,2266,0,NO
2006-09-28 12:30:38,0,3461,0,NO
2006-09-28 13:30:29,0,3348,0,NO
2006-09-28 14:30:36,0,3277,0,NO
2006-09-28 15:30:43,0,2228,0,NO
2006-09-28 16:30:42,0,7811,0,NO
2006-09-28 17:30:40,0,2475,0,YES
2006-09-28 18:30:29,0,2248,0,NO
2006-09-28 19:30:32,0,4442,0,NO
2006-09-28 20:30:27,0,2987,0,NO
2006-09-28 21:30:29,0,2084,0,NO
2006-09-28 22:30:31,0,2970,0,NO
2006-09-28 23:30:28,0,6826,0,NO
2006-09-29 00:30:29,0,3300,0,NO
2006-09-29 01:30:32,0,7231,0,NO
2006-09-29 02:30:29,0,1699,0,NO
2006-09-29 03:30:27,0,2195,0,NO
2006-09-29 04:30:26,0,1830,0,NO
2006-09-29 05:30:27,0,1780,0,NO
2006-09-29 06:30:26,0,1709,0,NO
2006-09-29 07:30:28,0,7150,0,NO
2006-09-29 08:30:36,0,2567,0,NO
2006-09-29 09:30:44,0,2844,0,NO
2006-09-29 10:30:36,0,4123,0,NO
2006-09-29 11:30:42,0,7638,0,NO
2006-09-29 12:30:33,0,6877,0,NO
2006-09-29 13:30:40,0,1871,0,NO
2006-09-29 14:30:34,0,4062,0,NO
2006-09-29 15:30:30,0,1896,0,NO
2006-09-29 16:30:46,0,1828,0,NO
2006-09-29 17:30:27,0,6150,0,NO
2006-09-29 18:30:30,0,7038,0,NO
2006-09-29 19:30:29,0,6497,0,NO
2006-09-29 20:30:31,0,4690,0,NO
2006-09-29 21:30:27,0,2470,0,NO
2006-09-29 22:30:28,0,1905,0,NO
2006-09-29 23:30:32,0,3024,0,NO
2006-09-30 00:30:28,0,1962,0,NO
2006-09-30 01:30:28,0,1955,0,NO
2006-09-30 02:30:30,0,1964,0,NO
2006-09-30 03:30:28,0,1720,0,NO
2006-09-30 04:30:27,0,1686,0,NO
2006-09-30 05:30:31,0,1841,0,NO
2006-09-30 06:30:27,0,1997,0,NO
2006-09-30 07:30:27,0,2062,0,NO
2006-09-30 08:30:29,0,1959,0,NO
2006-09-30 09:30:29,0,1836,0,NO
2006-09-30 10:30:28,0,1844,0,NO
2006-09-30 11:30:29,0,2133,0,NO
2006-09-30 12:30:26,0,1723,0,NO
2006-09-30 13:30:28,0,3984,0,NO
2006-09-30 14:30:29,0,1965,0,NO
2006-09-30 15:30:29,0,1840,0,NO
2006-09-30 16:30:31,0,1882,0,NO
2006-09-30 17:30:32,0,2127,0,NO
2006-09-30 18:30:28,0,1762,0,NO
2006-09-30 19:30:27,0,2090,0,NO
2006-09-30 20:30:26,0,2114,0,NO
2006-09-30 21:30:29,0,1900,0,NO
2006-09-30 22:30:30,0,2023,0,NO
2006-09-30 23:30:27,0,2070,0,NO
2006-10-01 00:30:30,0,2419,0,NO
2006-10-01 01:30:28,0,1905,0,NO
2006-10-01 02:30:27,0,3038,0,NO
2006-10-01 03:30:27,0,1794,0,NO
2006-10-01 04:30:36,0,1851,0,NO
2006-10-01 05:30:28,0,2449,0,NO
2006-10-01 06:30:29,0,2250,0,NO
2006-10-01 07:30:28,0,1740,0,NO
2006-10-01 08:30:28,0,1914,0,NO
2006-10-01 09:30:29,0,1701,0,NO
2006-10-01 10:30:36,0,1982,0,NO
2006-10-01 11:30:27,0,1786,0,NO
2006-10-01 12:30:39,0,1906,0,NO
2006-10-01 13:30:28,0,2240,0,NO
2006-10-01 14:30:32,0,5399,0,NO
2006-10-01 15:30:29,0,4952,0,NO
2006-10-01 16:30:28,0,1671,0,NO
2006-10-01 17:30:27,0,7035,0,NO
2006-10-01 18:30:31,0,7562,0,NO
2006-10-01 19:30:30,0,2864,0,NO
2006-10-01 20:30:29,0,1867,0,NO
2006-10-01 21:30:33,0,1967,0,NO
2006-10-01 22:30:29,0,1867,0,NO
2006-10-01 23:30:29,0,2036,0,NO
2006-10-02 00:30:31,0,1913,0,NO
2006-10-02 01:30:26,0,2127,0,NO
2006-10-02 02:30:27,0,5078,0,NO
2006-10-02 03:30:35,0,1752,0,NO
2006-10-02 04:30:33,0,1744,0,NO
2006-10-02 05:30:27,0,1695,0,NO
2006-10-02 06:30:28,0,2107,0,NO
2006-10-02 07:30:27,0,2444,0,NO
2006-10-02 08:30:32,0,2288,0,NO
2006-10-02 09:30:27,0,2418,0,NO
2006-10-02 10:30:40,0,4522,0,NO
2006-10-02 11:30:38,0,10965,0,NO
2006-10-02 12:30:35,0,8423,0,NO
2006-10-02 13:30:32,0,19591,0,NO
2006-10-02 14:30:37,0,5654,0,NO
2006-10-02 15:30:38,0,5010,0,NO
2006-10-02 16:31:43,0,3321,0,NO
2006-10-02 17:30:33,0,4345,0,NO
2006-10-02 18:34:14,0,5836,0,NO
2006-10-02 19:30:30,0,2044,0,NO
2006-10-02 20:30:29,0,8811,0,NO
2006-10-02 21:30:29,0,2408,0,NO
2006-10-02 22:30:27,0,2450,0,NO
2006-10-02 23:30:33,0,2090,0,NO
2006-10-03 00:31:08,0,2217,0,NO
2006-10-03 01:30:28,0,1948,0,NO
2006-10-03 02:30:29,0,3150,0,NO
2006-10-03 03:30:28,0,1956,0,NO
2006-10-03 04:30:30,0,1813,0,NO
2006-10-03 05:30:31,0,1762,0,NO
2006-10-03 06:30:27,0,2317,0,NO
2006-10-03 07:30:37,0,7334,0,NO
2006-10-03 08:30:35,0,2952,0,NO
2006-10-03 09:30:29,0,3813,0,NO
2006-10-03 10:30:31,0,2029,0,NO
2006-10-03 11:30:29,0,2111,0,NO
2006-10-03 12:30:48,0,2430,0,NO
2006-10-03 13:30:29,0,2273,0,NO
2006-10-03 14:30:31,0,2151,0,NO
2006-10-03 15:30:33,0,2184,0,NO
2006-10-03 16:30:41,0,2351,0,NO
2006-10-03 17:30:31,0,2513,0,NO
2006-10-03 18:30:33,0,9621,0,NO
2006-10-03 19:30:27,0,3102,0,NO
2006-10-03 20:30:29,0,4296,0,NO
2006-10-03 21:30:29,0,2540,0,NO
2006-10-03 22:30:33,0,1783,0,NO
2006-10-03 23:30:29,0,2380,0,NO
2006-10-04 00:30:31,0,3191,0,NO
2006-10-04 01:30:27,0,2065,0,NO
2006-10-04 02:30:29,0,2420,0,NO
2006-10-04 03:30:34,0,2127,0,NO
2006-10-04 04:30:28,0,1833,0,NO
2006-10-04 05:30:37,0,2257,0,NO
2006-10-04 06:30:27,0,2210,0,NO
2006-10-04 07:30:37,0,2922,0,NO
2006-10-04 08:30:32,0,6473,0,NO
2006-10-04 09:30:50,0,7588,0,NO
2006-10-04 10:30:31,0,5316,0,NO
2006-10-04 11:30:37,0,1773,0,NO
2006-10-04 12:30:28,0,2247,0,NO
2006-10-04 13:30:30,0,2090,0,NO
2006-10-04 14:30:40,0,2612,0,NO
2006-10-04 15:30:31,0,4310,0,NO
2006-10-04 16:30:30,0,2309,0,NO
2006-10-04 17:30:31,0,7347,0,NO
2006-10-04 18:30:27,0,2890,0,NO
2006-10-04 19:32:04,0,11880,0,NO
2006-10-04 20:33:39,0,3018,0,NO
2006-10-04 21:33:37,0,2709,0,NO
2006-10-04 22:33:37,0,2636,0,NO
2006-10-04 23:33:38,0,2583,0,YES
2006-10-05 00:33:35,0,7306,0,YES
2006-10-05 01:33:37,0,2334,0,YES
2006-10-05 02:33:48,0,4960,0,NO
2006-10-05 03:33:34,0,4762,0,NO
2006-10-05 04:33:36,0,2190,0,NO
2006-10-05 05:30:37,0,1879,0,NO
2006-10-05 06:30:28,0,2430,0,NO
2006-10-05 07:30:26,0,1900,0,NO
2006-10-05 08:30:34,0,3718,0,NO
2006-10-05 09:30:37,0,5423,0,NO
2006-10-05 10:30:34,0,4788,0,NO
2006-10-05 11:30:31,0,8688,0,NO
2006-10-05 12:30:36,0,4791,0,NO
2006-10-05 13:30:34,0,4652,0,NO
2006-10-05 14:30:50,0,2455,0,YES
2006-10-05 15:30:29,0,3241,0,NO
2006-10-05 16:30:42,0,2294,0,NO
2006-10-05 17:30:31,0,2553,0,NO
2006-10-05 18:30:28,0,6082,0,NO
2006-10-05 19:30:29,0,3156,0,NO
2006-10-05 20:30:30,0,2671,0,NO
2006-10-05 21:30:28,0,1717,0,NO
2006-10-05 22:30:29,0,1968,0,NO
2006-10-05 23:30:33,0,23466,0,NO
2006-10-06 00:30:30,0,1737,0,NO
2006-10-06 01:30:28,0,1950,0,NO
2006-10-06 02:30:28,0,2137,0,NO
2006-10-06 03:30:49,0,2126,0,NO
2006-10-06 04:30:31,0,1999,0,NO
2006-10-06 05:30:27,0,1840,0,NO
2006-10-06 06:30:34,0,2219,0,NO
2006-10-06 07:30:29,0,2388,0,NO
2006-10-06 08:30:30,0,6928,0,NO
2006-10-06 09:30:37,0,9801,0,NO
2006-10-06 10:30:31,0,2255,0,NO
2006-10-06 11:30:37,0,8296,0,NO
2006-10-06 12:30:36,0,4134,0,NO
2006-10-06 13:30:32,0,2906,0,NO
2006-10-06 14:30:41,0,2008,0,NO
2006-10-06 15:30:28,0,2418,0,NO
2006-10-06 16:30:40,0,2183,0,NO
2006-10-06 17:30:30,0,2466,0,NO
2006-10-06 18:30:33,0,2853,0,NO
2006-10-06 19:30:28,0,2139,0,NO
2006-10-06 20:30:28,0,2276,0,NO
2006-10-06 21:30:29,0,1990,0,NO
2006-10-06 22:30:38,0,1835,0,NO
2006-10-06 23:30:35,0,1961,0,NO
2006-10-07 00:30:30,0,3149,0,NO
2006-10-07 01:30:30,0,1889,0,NO
2006-10-07 02:30:30,0,1788,0,NO
2006-10-07 03:30:31,0,1849,0,NO
2006-10-07 04:30:33,0,1740,0,NO
2006-10-07 05:30:28,0,4104,0,NO
2006-10-07 06:30:28,0,2180,0,NO
2006-10-07 07:30:28,0,1699,0,NO
2006-10-07 08:30:28,0,1732,0,NO
2006-10-07 09:30:27,0,2662,0,NO
2006-10-07 10:30:30,0,2093,0,NO
2006-10-07 11:30:31,0,2545,0,NO
2006-10-07 12:30:36,0,2402,0,NO
2006-10-07 13:30:26,0,2091,0,NO
2006-10-07 14:30:26,0,1797,0,NO
2006-10-07 15:30:35,0,1975,0,NO
2006-10-07 16:30:33,0,2875,0,NO
2006-10-07 17:30:27,0,2207,0,NO
2006-10-07 18:30:34,0,2143,0,NO
2006-10-07 19:30:29,0,1712,0,NO
2006-10-07 20:30:28,0,1680,0,NO
2006-10-07 21:30:27,0,1852,0,NO
2006-10-07 22:30:36,0,12491,0,NO
2006-10-07 23:30:27,0,4700,0,NO
2006-10-08 00:30:28,0,1718,0,NO
2006-10-08 01:30:27,0,1832,0,NO
2006-10-08 02:30:31,0,1683,0,NO
2006-10-08 03:30:28,0,1789,0,NO
2006-10-08 04:30:30,0,1866,0,NO
2006-10-08 05:30:26,0,2125,0,NO
2006-10-08 06:30:29,0,1735,0,NO
2006-10-08 07:30:27,0,1783,0,NO
2006-10-08 08:30:27,0,1823,0,NO
2006-10-08 09:30:38,0,3160,0,NO
2006-10-08 10:30:29,0,4945,0,NO
2006-10-08 11:30:30,0,1769,0,NO
2006-10-08 12:30:32,0,1762,0,NO
2006-10-08 13:30:27,0,5128,0,NO
2006-10-08 14:30:28,0,4781,0,NO
2006-10-08 15:30:31,0,2090,0,NO
2006-10-08 16:30:28,0,1755,0,NO
2006-10-08 17:30:34,0,2264,0,NO
2006-10-08 18:30:35,0,1856,0,NO
2006-10-08 19:33:43,0,3813,0,NO
2006-10-08 20:30:29,0,2018,0,NO
2006-10-08 21:30:27,0,2008,0,NO
2006-10-08 22:30:28,0,2006,0,NO
2006-10-08 23:30:30,0,1926,0,NO
2006-10-09 00:30:28,0,1710,0,NO
2006-10-09 01:30:26,0,1903,0,NO
2006-10-09 02:30:31,0,1895,0,NO
2006-10-09 03:30:29,0,1782,0,NO
2006-10-09 04:30:27,0,1858,0,NO
2006-10-09 05:30:31,0,1705,0,NO
2006-10-09 06:30:27,0,2024,0,NO
2006-10-09 07:30:27,0,2385,0,NO
2006-10-09 08:30:33,0,2251,0,NO
2006-10-09 09:30:26,0,2370,0,NO
2006-10-09 10:30:34,0,2643,0,NO
2006-10-09 11:30:30,0,4604,0,NO
2006-10-09 12:30:32,0,3191,0,NO
2006-10-09 13:30:38,0,2843,0,NO
2006-10-09 14:30:39,0,3007,0,NO
2006-10-09 15:30:32,0,3769,0,NO
2006-10-09 16:30:47,0,3374,0,NO
2006-10-09 17:30:36,0,5708,0,NO
2006-10-09 18:30:27,0,2162,0,NO
2006-10-09 19:30:31,0,1874,0,NO
2006-10-09 20:30:29,0,2039,0,NO
2006-10-09 21:30:26,0,2352,0,NO
2006-10-09 22:30:27,0,1708,0,NO
2006-10-09 23:30:32,0,2417,0,NO
2006-10-10 00:30:32,0,2047,0,NO
2006-10-10 01:30:28,0,1869,0,NO
2006-10-10 02:30:28,0,1882,0,NO
2006-10-10 03:30:27,0,8574,0,NO
2006-10-10 04:30:28,0,2437,0,NO
2006-10-10 05:30:28,0,2160,0,NO
2006-10-10 06:30:30,0,1708,0,NO
2006-10-10 07:30:28,0,1907,0,NO
2006-10-10 08:30:29,0,1746,0,NO
2006-10-10 09:30:29,0,11428,0,NO
2006-10-10 10:30:33,0,7777,0,NO
2006-10-10 11:30:34,0,2661,0,NO
2006-10-10 12:30:30,0,3711,0,NO
2006-10-10 13:30:33,0,2647,0,NO
2006-10-10 14:30:32,0,2001,0,NO
2006-10-10 15:30:30,0,2008,0,NO
2006-10-10 16:30:34,0,3241,0,NO
2006-10-10 17:30:28,0,6929,0,YES
2006-10-10 18:30:30,0,2328,0,NO
2006-10-10 19:30:37,0,2579,0,NO
2006-10-10 20:30:27,0,2018,0,NO
2006-10-10 21:30:35,0,1991,0,NO
2006-10-10 22:30:28,0,2319,0,NO
2006-10-10 23:30:30,0,1924,0,NO
2006-10-11 00:30:30,0,2111,0,NO
2006-10-11 01:30:28,0,1736,0,NO
2006-10-11 02:30:27,0,1868,0,NO
2006-10-11 03:30:30,0,1728,0,NO
2006-10-11 04:30:26,0,1837,0,NO
2006-10-11 05:30:27,0,2390,0,NO
2006-10-11 06:30:28,0,1744,0,NO
2006-10-11 07:30:28,0,2017,0,NO
2006-10-11 08:30:32,0,6864,0,NO
2006-10-11 09:30:27,0,2439,0,NO
2006-10-11 10:30:35,0,7221,0,NO
2006-10-11 11:30:30,0,7230,0,NO
2006-10-11 12:30:35,0,9747,0,NO
2006-10-11 13:30:35,0,2504,0,YES
2006-10-11 14:30:51,0,5235,0,NO
2006-10-11 15:30:31,0,6972,0,NO
2006-10-11 16:30:32,0,4317,0,NO
2006-10-11 17:30:32,0,8199,0,NO
2006-10-11 18:30:29,0,6115,0,NO
2006-10-11 19:30:34,0,5736,0,NO
2006-10-11 20:30:35,0,9372,0,NO
2006-10-11 21:30:31,0,2354,0,NO
2006-10-11 22:30:28,0,2329,0,YES
2006-10-11 23:30:28,0,2122,0,NO
2006-10-12 00:30:27,0,1829,0,NO
2006-10-12 01:30:30,0,2496,0,NO
2006-10-12 02:30:27,0,1756,0,NO
2006-10-12 03:30:29,0,2512,0,NO
2006-10-12 04:30:28,0,1758,0,NO
2006-10-12 05:30:28,0,1783,0,NO
2006-10-12 06:30:37,0,2304,0,NO
2006-10-12 07:30:27,0,1744,0,NO
2006-10-12 08:30:31,0,5242,0,NO
2006-10-12 09:30:26,0,4897,0,NO
2006-10-12 10:30:31,0,5009,0,NO
2006-10-12 11:30:39,0,1905,0,NO
2006-10-12 12:30:35,0,10923,0,NO
2006-10-12 13:30:39,0,6039,0,NO
2006-10-12 14:30:34,0,4934,0,NO
2006-10-12 15:30:28,0,2285,0,NO
2006-10-12 16:30:39,0,1885,0,NO
2006-10-12 17:30:30,0,2357,0,NO
2006-10-12 18:30:41,0,2340,0,YES
2006-10-12 19:30:27,0,2763,0,NO
2006-10-12 20:30:28,0,2436,0,NO
2006-10-12 21:30:29,0,2273,0,NO
2006-10-12 22:30:28,0,1731,0,NO
2006-10-12 23:30:29,0,2138,0,NO
2006-10-13 00:30:27,0,2242,0,NO
2006-10-13 01:30:27,0,6838,0,NO
2006-10-13 02:30:28,0,4902,0,NO
2006-10-13 03:30:27,0,2523,0,NO
2006-10-13 04:30:29,0,2009,0,NO
2006-10-13 05:30:35,0,2000,0,NO
2006-10-13 06:30:28,0,1739,0,NO
2006-10-13 07:30:28,0,1745,0,NO
2006-10-13 08:30:27,0,1732,0,NO
2006-10-13 09:30:41,0,12596,0,NO
2006-10-13 10:30:44,0,2297,0,NO
2006-10-13 11:30:37,0,2290,0,NO
2006-10-13 12:30:27,0,7500,0,NO
2006-10-13 13:30:35,0,2014,0,NO
2006-10-13 14:30:29,0,2733,0,NO
2006-10-13 15:30:29,0,1862,0,NO
2006-10-13 16:30:27,0,1864,0,NO
2006-10-13 17:30:29,0,7765,0,NO
2006-10-13 18:30:38,0,8197,0,NO
2006-10-13 19:30:29,0,5701,0,NO
2006-10-13 20:30:29,0,2080,0,NO
2006-10-13 21:30:28,0,1857,0,NO
2006-10-13 22:30:28,0,1885,0,NO
2006-10-13 23:30:28,0,1747,0,NO
2006-10-14 00:30:28,0,1845,0,NO
2006-10-14 01:30:27,0,1806,0,NO
2006-10-14 02:30:27,0,1691,0,NO
2006-10-14 03:30:27,0,1735,0,NO
2006-10-14 04:30:27,0,2098,0,NO
2006-10-14 05:30:28,0,2205,0,NO
2006-10-14 06:30:29,0,2016,0,NO
2006-10-14 07:30:27,0,1928,0,NO
2006-10-14 08:30:28,0,1785,0,NO
2006-10-14 09:30:32,0,2032,0,NO
2006-10-14 10:30:26,0,1698,0,NO
2006-10-14 11:30:32,0,2139,0,NO
2006-10-14 12:30:29,0,1787,0,NO
2006-10-14 13:30:29,0,1874,0,NO
2006-10-14 14:30:29,0,1865,0,NO
2006-10-14 15:30:28,0,2038,0,NO
2006-10-14 16:30:27,0,2107,0,NO
2006-10-14 17:30:30,0,2052,0,NO
2006-10-14 18:32:23,0,2552,0,NO
2006-10-14 19:30:27,0,2639,0,NO
2006-10-14 20:33:16,0,1790,0,NO
2006-10-14 21:30:28,0,1759,0,NO
2006-10-14 22:33:27,0,1786,0,NO
2006-10-14 23:33:36,0,1853,0,NO
2006-10-15 00:34:17,0,1873,0,NO
2006-10-15 01:34:14,0,1708,0,NO
2006-10-15 02:34:17,0,1733,0,NO
2006-10-15 03:34:17,0,2005,0,NO
2006-10-15 04:31:11,0,2267,0,NO
2006-10-15 05:31:09,0,1965,0,NO
2006-10-15 06:31:09,0,1836,0,NO
2006-10-15 07:31:11,0,1790,0,NO
2006-10-15 08:31:11,0,1818,0,NO
2006-10-15 09:31:08,0,1762,0,NO
2006-10-15 10:31:10,0,1740,0,NO
2006-10-15 11:31:09,0,1777,0,NO
2006-10-15 12:31:10,0,1750,0,NO
2006-10-15 13:31:07,0,1885,0,NO
2006-10-15 14:31:10,0,2055,0,NO
2006-10-15 15:31:09,0,2469,0,NO
2006-10-15 16:30:29,0,1747,0,NO
2006-10-15 17:30:27,0,2043,0,NO
2006-10-15 18:30:33,0,2066,0,NO
2006-10-15 19:30:32,0,2500,0,NO
2006-10-15 20:30:29,0,1797,0,NO
2006-10-15 21:30:28,0,1851,0,NO
2006-10-15 22:30:28,0,1735,0,NO
2006-10-15 23:30:26,0,1787,0,NO
2006-10-16 00:30:28,0,1734,0,NO
2006-10-16 01:30:28,0,1828,0,NO
2006-10-16 02:30:29,0,1992,0,NO
2006-10-16 03:30:31,0,1731,0,NO
2006-10-16 04:30:28,0,1822,0,NO
2006-10-16 05:30:28,0,1864,0,NO
2006-10-16 06:30:27,0,1766,0,NO
2006-10-16 07:30:28,0,2251,0,NO
2006-10-16 08:30:28,0,1992,0,NO
2006-10-16 09:30:28,0,2435,0,NO
2006-10-16 10:30:36,0,2360,0,NO
2006-10-16 11:30:28,0,2342,0,NO
2006-10-16 12:30:27,0,1930,0,NO
2006-10-16 13:30:29,0,1940,0,NO
2006-10-16 14:30:33,0,1855,0,NO
2006-10-16 15:30:32,0,2155,0,NO
2006-10-16 16:30:30,0,2082,0,NO
2006-10-16 17:30:30,0,8090,0,NO
2006-10-16 18:30:27,0,7546,0,NO
2006-10-16 19:30:33,0,2065,0,NO
2006-10-16 20:30:27,0,2681,0,NO
2006-10-16 21:30:28,0,2459,0,NO
2006-10-16 22:30:29,0,2012,0,NO
2006-10-16 23:30:27,0,1796,0,NO
2006-10-17 00:30:29,0,1842,0,NO
2006-10-17 01:30:27,0,1753,0,NO
2006-10-17 02:30:27,0,1865,0,NO
2006-10-17 03:30:34,0,6664,0,NO
2006-10-17 04:30:29,0,1686,0,NO
2006-10-17 05:30:27,0,1769,0,NO
2006-10-17 06:30:31,0,7012,0,NO
2006-10-17 07:30:27,0,6968,0,NO
2006-10-17 08:30:32,0,5425,0,NO
2006-10-17 09:30:39,0,1904,0,NO
2006-10-17 10:30:34,0,7008,0,NO
2006-10-17 11:30:39,0,6272,0,NO
2006-10-17 12:30:35,0,3270,0,NO
2006-10-17 13:30:31,0,4447,0,NO
2006-10-17 14:30:28,0,6141,0,NO
2006-10-17 15:30:38,0,2481,0,NO
2006-10-17 16:30:28,0,1949,0,NO
2006-10-17 17:30:31,0,3216,0,NO
2006-10-17 18:30:30,0,2369,0,YES
2006-10-17 19:30:29,0,4723,0,NO
2006-10-17 20:30:31,0,2148,0,NO
2006-10-17 21:30:28,0,2204,0,NO
2006-10-17 22:30:28,0,2811,0,NO
2006-10-17 23:30:28,0,2069,0,NO
2006-10-18 00:30:27,0,1778,0,NO
2006-10-18 01:30:28,0,7014,0,NO
2006-10-18 02:30:29,0,1942,0,NO
2006-10-18 03:30:30,0,3485,0,NO
2006-10-18 04:30:38,0,1791,0,NO
2006-10-18 05:30:29,0,1972,0,NO
2006-10-18 06:30:28,0,1762,0,NO
2006-10-18 07:30:35,0,2734,0,NO
2006-10-18 08:30:34,0,5778,0,NO
2006-10-18 09:30:30,0,1940,0,NO
2006-10-18 10:30:32,0,7762,0,NO
2006-10-18 11:30:32,0,7348,0,NO
2006-10-18 12:30:33,0,3138,0,NO
2006-10-18 13:30:35,0,7412,0,NO
2006-10-18 14:30:29,0,2832,0,NO
2006-10-18 15:33:17,0,2015,0,NO
2006-10-18 16:30:28,0,2495,0,NO
2006-10-18 17:30:30,0,2979,0,NO
2006-10-18 18:30:26,0,5805,0,NO
2006-10-18 19:30:25,0,1882,0,NO
2006-10-18 20:30:28,0,3655,0,NO
2006-10-18 21:30:28,0,2886,0,NO
2006-10-18 22:30:28,0,1922,0,NO
2006-10-18 23:30:27,0,2225,0,NO
2006-10-19 00:30:29,0,1830,0,NO
2006-10-19 01:30:27,0,1770,0,NO
2006-10-19 02:30:27,0,1705,0,NO
2006-10-19 03:30:32,0,2222,0,NO
2006-10-19 04:30:27,0,1742,0,NO
2006-10-19 05:30:29,0,2217,0,NO
2006-10-19 06:30:28,0,1953,0,NO
2006-10-19 07:30:28,0,1810,0,NO
2006-10-19 08:30:34,0,3481,0,NO
2006-10-19 09:30:29,0,2112,0,NO
2006-10-19 10:30:37,0,2017,0,NO
2006-10-19 11:30:30,0,1807,0,NO
2006-10-19 12:30:32,0,2293,0,NO
2006-10-19 13:30:29,0,7400,0,NO
2006-10-19 14:30:28,0,1885,0,NO
2006-10-19 15:30:30,0,2341,0,NO
2006-10-19 16:30:27,0,1975,0,NO
2006-10-19 17:30:29,0,2254,0,NO
2006-10-19 18:30:30,0,1983,0,NO
2006-10-19 19:30:30,0,2132,0,NO
2006-10-19 20:30:29,0,2157,0,NO
2006-10-19 21:30:28,0,1921,0,NO
2006-10-19 22:30:28,0,2118,0,NO
2006-10-19 23:30:27,0,1831,0,NO
2006-10-20 00:30:29,0,1925,0,NO
2006-10-20 01:30:29,0,1712,0,NO
2006-10-20 02:30:27,0,2038,0,NO
2006-10-20 03:30:27,0,1786,0,NO
2006-10-20 04:30:27,0,1787,0,NO
2006-10-20 05:30:32,0,2424,0,NO
2006-10-20 06:30:28,0,7078,0,NO
2006-10-20 07:30:31,0,2518,0,NO
2006-10-20 08:30:28,0,2559,0,NO
2006-10-20 09:30:41,0,2261,0,NO
2006-10-20 10:30:32,0,2258,0,NO
2006-10-20 11:30:37,0,2413,0,NO
2006-10-20 12:30:28,0,2062,0,NO
2006-10-20 13:30:34,0,1976,0,NO
2006-10-20 14:30:34,0,2065,0,NO
2006-10-20 15:30:33,0,2053,0,NO
2006-10-20 16:30:38,0,1923,0,NO
2006-10-20 17:30:45,0,2812,0,NO
2006-10-20 18:30:30,0,5404,0,NO
2006-10-20 19:30:37,0,2028,0,NO
2006-10-20 20:30:31,0,1954,0,NO
2006-10-20 21:30:29,0,2340,0,NO
2006-10-20 22:30:34,0,1943,0,NO
2006-10-20 23:30:28,0,1917,0,NO
2006-10-21 00:30:28,0,1955,0,NO
2006-10-21 01:30:27,0,1886,0,NO
2006-10-21 02:30:28,0,1788,0,NO
2006-10-21 03:30:29,0,1816,0,NO
2006-10-21 04:30:27,0,1703,0,NO
2006-10-21 05:30:28,0,1716,0,NO
2006-10-21 06:30:39,0,2111,0,NO
2006-10-21 07:30:32,0,1927,0,NO
2006-10-21 08:30:28,0,1798,0,NO
2006-10-21 09:30:29,0,3130,0,NO
2006-10-21 10:30:28,0,1889,0,NO
2006-10-21 11:30:31,0,1830,0,NO
2006-10-21 12:30:28,0,1816,0,NO
2006-10-21 13:30:34,0,1828,0,NO
2006-10-21 14:30:30,0,1721,0,NO
2006-10-21 15:30:34,0,1873,0,NO
2006-10-21 16:30:27,0,1767,0,NO
2006-10-21 17:30:33,0,2069,0,NO
2006-10-21 18:30:30,0,2018,0,NO
2006-10-21 19:30:28,0,1763,0,NO
2006-10-21 20:30:35,0,2093,0,NO
2006-10-21 21:30:28,0,1883,0,NO
2006-10-21 22:30:28,0,7056,0,NO
2006-10-21 23:30:27,0,1838,0,NO
2006-10-22 00:30:33,0,1733,0,NO
2006-10-22 01:30:32,0,1727,0,NO
2006-10-22 02:30:30,0,1975,0,NO
2006-10-22 03:30:37,0,1850,0,NO
2006-10-22 04:30:29,0,2667,0,NO
2006-10-22 05:30:31,0,2141,0,NO
2006-10-22 06:30:27,0,1994,0,NO
2006-10-22 07:30:28,0,1978,0,NO
2006-10-22 08:30:29,0,6891,0,NO
2006-10-22 09:30:32,0,5703,0,NO
2006-10-22 10:30:37,0,1728,0,NO
2006-10-22 11:30:27,0,1785,0,NO
2006-10-22 12:30:30,0,1934,0,NO
2006-10-22 13:30:28,0,1937,0,NO
2006-10-22 14:30:33,0,1754,0,NO
2006-10-22 15:30:28,0,1731,0,NO
2006-10-22 16:30:28,0,2707,0,NO
2006-10-22 17:30:35,0,2302,0,NO
2006-10-22 18:30:26,0,2124,0,NO
2006-10-22 19:30:28,0,1961,0,NO
2006-10-22 20:30:42,0,1734,0,NO
2006-10-22 21:30:33,0,2656,0,NO
2006-10-22 22:30:29,0,2337,0,NO
2006-10-22 23:30:36,0,4753,0,NO
2006-10-23 00:30:26,0,1792,0,NO
2006-10-23 01:30:30,0,1748,0,NO
2006-10-23 02:30:42,0,1808,0,NO
2006-10-23 03:30:30,0,1902,0,NO
2006-10-23 04:30:28,0,1997,0,NO
2006-10-23 05:30:29,0,1860,0,NO
2006-10-23 06:30:28,0,1946,0,NO
2006-10-23 07:30:37,0,2187,0,NO
2006-10-23 08:30:29,0,3120,0,NO
2006-10-23 09:30:35,0,1793,0,NO
2006-10-23 10:30:29,0,2309,0,NO
2006-10-23 11:30:29,0,1953,0,NO
2006-10-23 12:30:47,0,1912,0,NO
2006-10-23 13:30:41,0,1808,0,NO
2006-10-23 14:30:34,0,3246,0,NO
2006-10-23 15:30:31,0,2582,0,NO
2006-10-23 16:30:31,0,3002,0,NO
2006-10-23 17:30:30,0,2456,0,YES
2006-10-23 18:30:35,0,2825,0,YES
2006-10-23 19:30:29,0,4879,0,NO
2006-10-23 20:30:31,0,8603,0,NO
2006-10-23 21:30:31,0,5660,0,NO
2006-10-23 22:30:28,0,7298,0,NO
2006-10-23 23:30:28,0,2265,0,NO
2006-10-24 00:30:28,0,2102,0,NO
2006-10-24 01:30:32,0,2617,0,NO
2006-10-24 02:30:28,0,1721,0,NO
2006-10-24 03:30:33,0,2013,0,NO
2006-10-24 04:34:55,0,41066,0,YES
2006-10-24 05:34:57,0,41069,0,YES
2006-10-24 06:34:57,0,41066,0,YES
2006-10-24 07:34:56,0,41065,0,YES
2006-10-24 08:30:26,0,4420,0,NO
2006-10-24 09:30:34,0,6480,0,NO
2006-10-24 10:30:44,0,2513,0,NO
2006-10-24 11:30:28,0,6708,0,NO
2006-10-24 12:30:31,0,2135,0,NO
2006-10-24 13:30:32,0,2599,0,NO
2006-10-24 14:30:28,0,6720,0,NO
2006-10-24 15:30:31,0,2098,0,NO
2006-10-24 16:30:42,0,6412,0,NO
2006-10-24 17:30:39,0,3054,0,NO
2006-10-24 18:30:29,0,2616,0,NO
2006-10-24 19:30:26,0,2998,0,NO
2006-10-24 20:30:37,0,2174,0,NO
2006-10-24 21:30:27,0,2703,0,NO
2006-10-24 22:30:33,0,1880,0,NO
2006-10-24 23:30:32,0,1960,0,NO
2006-10-25 00:30:32,0,1921,0,NO
2006-10-25 01:30:29,0,1760,0,NO
2006-10-25 02:30:38,0,1841,0,NO
2006-10-25 03:30:33,0,2080,0,NO
2006-10-25 04:30:27,0,1874,0,NO
2006-10-25 05:30:29,0,1926,0,NO
2006-10-25 06:30:28,0,1992,0,NO
2006-10-25 07:30:37,0,2096,0,NO
2006-10-25 08:30:35,0,3224,0,NO
2006-10-25 09:30:58,0,9259,0,NO
2006-10-25 10:30:28,0,13926,0,NO
2006-10-25 11:30:41,0,13198,0,YES
2006-10-25 12:30:39,0,73997,0,NO
2006-10-25 13:30:33,0,77815,0,NO
2006-10-25 14:30:34,0,3053,0,NO
2006-10-25 15:30:30,0,2214,0,NO
2006-10-25 16:30:32,0,2588,0,YES
2006-10-25 17:30:34,0,2260,0,NO
2006-10-25 18:30:30,0,2514,0,YES
2006-10-25 19:30:36,0,5436,0,NO
2006-10-25 20:30:35,0,2773,0,NO
2006-10-25 21:30:28,0,2131,0,NO
2006-10-25 22:30:33,0,2365,0,NO
2006-10-25 23:30:27,0,2055,0,NO
2006-10-26 00:30:28,0,1949,0,NO
2006-10-26 01:30:29,0,1947,0,NO
2006-10-26 02:30:29,0,1952,0,NO
2006-10-26 03:30:27,0,1916,0,NO
2006-10-26 04:30:28,0,2315,0,NO
2006-10-26 05:30:30,0,2156,0,NO
2006-10-26 06:30:35,0,2043,0,NO
2006-10-26 07:30:32,0,2021,0,NO
2006-10-26 08:30:30,0,3001,0,NO
2006-10-26 09:30:31,0,3330,0,NO
2006-10-26 10:30:37,0,8849,0,NO
2006-10-26 11:30:33,0,2540,0,NO
2006-10-26 12:30:28,0,1818,0,NO
2006-10-26 13:30:35,0,2579,0,NO
2006-10-26 14:30:45,0,7889,0,NO
2006-10-26 15:30:34,0,2732,0,NO
2006-10-26 16:30:41,0,11940,0,NO
2006-10-26 17:30:33,0,1981,0,NO
2006-10-26 18:30:30,0,2039,0,NO
2006-10-26 19:30:32,0,2289,0,NO
2006-10-26 20:30:31,0,2139,0,NO
2006-10-26 21:30:30,0,2303,0,NO
2006-10-26 22:30:28,0,1962,0,NO
2006-10-26 23:30:28,0,5077,0,NO
2006-10-27 00:30:29,0,1866,0,NO
2006-10-27 01:30:30,0,1971,0,NO
2006-10-27 02:30:27,0,2123,0,NO
2006-10-27 03:30:29,0,1770,0,NO
2006-10-27 04:30:30,0,1800,0,NO
2006-10-27 05:30:27,0,2432,0,NO
2006-10-27 06:30:27,0,1925,0,NO
2006-10-27 07:30:29,0,1785,0,NO
2006-10-27 08:30:33,0,3978,0,NO
2006-10-27 09:30:31,0,4744,0,NO
2006-10-27 10:30:37,0,7046,0,NO
2006-10-27 11:30:32,0,2878,0,NO
2006-10-27 12:30:35,0,2213,0,NO
2006-10-27 13:30:33,0,2738,0,NO
2006-10-27 14:30:29,0,4677,0,NO
2006-10-27 15:30:31,0,2767,0,NO
2006-10-27 16:30:30,0,1835,0,NO
2006-10-27 17:30:34,0,2032,0,NO
2006-10-27 18:30:27,0,1985,0,NO
2006-10-27 19:30:47,0,2509,0,NO
2006-10-27 20:30:28,0,2576,0,NO
2006-10-27 21:30:40,0,2219,0,NO
2006-10-27 22:30:29,0,2239,0,NO
2006-10-27 23:30:28,0,2103,0,NO
2006-10-28 00:30:32,0,3199,0,NO
2006-10-28 01:30:28,0,2035,0,NO
2006-10-28 02:30:28,0,1947,0,NO
2006-10-28 03:30:30,0,2032,0,NO
2006-10-28 04:30:27,0,2041,0,NO
2006-10-28 05:30:33,0,2585,0,NO
2006-10-28 06:30:28,0,2332,0,NO
2006-10-28 07:30:28,0,1789,0,NO
2006-10-28 08:30:36,0,3509,0,NO
2006-10-28 09:30:27,0,2076,0,NO
2006-10-28 10:30:38,0,3030,0,NO
2006-10-28 11:30:31,0,1989,0,NO
2006-10-28 12:30:30,0,2027,0,NO
2006-10-28 13:30:38,0,2423,0,NO
2006-10-28 14:30:33,0,1902,0,NO
2006-10-28 15:30:34,0,1984,0,NO
2006-10-28 16:30:27,0,1928,0,NO
2006-10-28 17:30:29,0,2128,0,NO
2006-10-28 18:30:29,0,1870,0,NO
2006-10-28 19:30:27,0,8125,0,NO
2006-10-28 20:30:28,0,2093,0,NO
2006-10-28 21:30:36,0,1828,0,NO
2006-10-28 22:30:31,0,2721,0,NO
2006-10-28 23:30:29,0,6736,0,NO
2006-10-29 00:30:28,0,2766,0,NO
2006-10-29 01:30:28,0,1870,0,NO
2006-10-29 02:30:32,0,2001,0,NO
2006-10-29 02:30:34,0,2139,0,NO
2006-10-29 03:30:27,0,1847,0,NO
2006-10-29 04:30:36,0,6858,0,NO
2006-10-29 05:30:43,0,6991,0,NO
2006-10-29 06:30:29,0,2840,0,NO
2006-10-29 07:30:33,0,2093,0,NO
2006-10-29 08:30:32,0,2390,0,NO
2006-10-29 09:30:34,0,7258,0,NO
2006-10-29 10:30:35,0,1786,0,NO
2006-10-29 11:30:30,0,2550,0,NO
2006-10-29 12:30:32,0,3613,0,NO
2006-10-29 13:30:31,0,7051,0,NO
2006-10-29 14:30:33,0,1839,0,NO
2006-10-29 15:30:28,0,1799,0,NO
2006-10-29 16:30:35,0,3211,0,NO
2006-10-29 17:30:39,0,1822,0,NO
2006-10-29 18:30:37,0,2493,0,NO
2006-10-29 19:30:29,0,2521,0,NO
2006-10-29 20:30:38,0,2170,0,NO
2006-10-29 21:33:36,0,2665,0,NO
2006-10-29 22:33:35,0,1874,0,NO
2006-10-29 23:30:27,0,2780,0,NO
2006-10-30 00:30:28,0,1930,0,NO
2006-10-30 01:30:31,0,2307,0,NO
2006-10-30 02:30:29,0,2014,0,NO
2006-10-30 03:30:30,0,2167,0,NO
2006-10-30 04:30:33,0,2361,0,NO
2006-10-30 05:30:30,0,6740,0,NO
2006-10-30 06:30:43,0,2362,0,NO
2006-10-30 07:30:30,0,1990,0,NO
2006-10-30 08:30:36,0,8519,0,NO
2006-10-30 09:30:48,0,13641,0,NO
2006-10-30 10:30:36,0,4816,0,NO
2006-10-30 11:30:31,0,4656,0,NO
2006-10-30 12:30:39,0,4579,0,NO
2006-10-30 13:30:37,0,2266,0,NO
2006-10-30 14:30:37,0,8685,0,NO
2006-10-30 15:30:34,0,5937,0,NO
2006-10-30 16:30:30,0,7226,0,NO
2006-10-30 17:30:32,0,2454,0,NO
2006-10-30 18:30:37,0,2875,0,YES
2006-10-30 19:30:27,0,4920,0,NO
2006-10-30 20:30:28,0,3121,0,NO
2006-10-30 21:30:30,0,1945,0,NO
2006-10-30 22:30:31,0,5139,0,YES
2006-10-30 23:30:31,0,2072,0,NO
2006-10-31 00:30:32,0,2224,0,NO
2006-10-31 01:30:28,0,3240,0,NO
2006-10-31 02:30:29,0,2722,0,NO
2006-10-31 03:30:31,0,2816,0,NO
2006-10-31 04:30:31,0,3005,0,NO
2006-10-31 05:30:33,0,2897,0,NO
2006-10-31 06:30:31,0,2094,0,NO
2006-10-31 07:30:30,0,2072,0,NO
2006-10-31 08:30:34,0,3116,0,NO
2006-10-31 09:30:35,0,9817,0,NO
2006-10-31 10:30:38,0,17352,0,NO
2006-10-31 11:30:35,0,3257,0,NO
2006-10-31 12:30:35,0,6127,0,NO
2006-10-31 13:30:31,0,3879,0,NO
2006-10-31 14:30:35,0,11208,0,NO
2006-10-31 15:30:35,0,3102,0,YES
2006-10-31 16:30:29,0,2183,0,NO
2006-10-31 17:30:29,0,2036,0,NO
2006-10-31 18:30:44,0,9631,0,NO
2006-10-31 19:30:28,0,5209,0,NO
2006-10-31 20:30:28,0,2382,0,YES
2006-10-31 21:30:29,0,9019,0,NO
2006-10-31 22:30:31,0,6852,0,NO
2006-10-31 23:30:31,0,3602,0,NO
2006-11-01 00:30:32,0,2373,0,YES
2006-11-01 01:30:30,0,7245,0,NO
2006-11-01 02:30:31,0,6943,0,NO
2006-11-01 03:30:32,0,2194,0,NO
2006-11-01 04:30:36,0,10751,0,NO
2006-11-01 05:30:33,0,5984,0,NO
2006-11-01 06:30:31,0,2527,0,NO
2006-11-01 07:30:33,0,1907,0,NO
2006-11-01 08:30:27,0,4184,0,NO
2006-11-01 09:30:42,0,14749,0,NO
2006-11-01 10:30:37,0,2378,0,YES
2006-11-01 11:30:30,0,2357,0,YES
2006-11-01 12:30:35,0,2430,0,YES
2006-11-01 13:30:28,0,2937,0,YES
2006-11-01 14:30:35,0,7986,0,NO
2006-11-01 15:30:42,0,2368,0,YES
2006-11-01 16:30:33,0,5707,0,NO
2006-11-01 17:30:30,0,3144,0,YES
2006-11-01 18:30:28,0,2837,0,YES
2006-11-01 19:30:29,0,7294,0,NO
2006-11-01 20:30:28,0,6051,0,NO
2006-11-01 21:30:30,0,6412,0,NO
2006-11-01 22:30:30,0,2469,0,YES
2006-11-01 23:30:29,0,9312,0,NO
2006-11-02 00:30:30,0,8449,0,NO
2006-11-02 01:30:38,0,2031,0,NO
2006-11-02 02:30:31,0,12618,0,NO
2006-11-02 03:30:32,0,7209,0,NO
2006-11-02 04:30:29,0,2510,0,YES
2006-11-02 05:30:55,0,7612,0,NO
2006-11-02 06:31:12,0,2846,0,NO
2006-11-02 07:31:51,0,6005,0,NO
2006-11-02 08:31:13,0,5127,0,NO
2006-11-02 09:31:51,0,11031,0,NO
2006-11-02 10:31:04,0,5778,0,NO
2006-11-02 11:31:23,0,3030,0,YES
2006-11-02 12:31:05,0,7734,0,NO
2006-11-02 13:32:01,0,10733,0,NO
2006-11-02 14:35:42,0,8375,0,NO
2006-11-02 15:33:36,0,8094,0,NO
2006-11-02 16:33:43,0,4320,0,NO
2006-11-02 17:33:39,0,10321,0,NO
2006-11-02 18:33:45,0,8301,0,NO
2006-11-02 19:33:35,0,2078,0,NO
2006-11-02 20:33:39,0,2220,0,NO
2006-11-02 21:33:38,0,5333,0,NO
2006-11-02 22:33:36,0,1989,0,NO
2006-11-02 23:33:38,0,2487,0,NO
2006-11-03 00:33:39,0,1774,0,NO
2006-11-03 01:33:37,0,1916,0,NO
2006-11-03 02:33:37,0,5450,0,NO
2006-11-03 03:33:36,0,2909,0,NO
2006-11-03 04:33:38,0,2917,0,NO
2006-11-03 05:30:28,0,2647,0,NO
2006-11-03 06:30:30,0,1852,0,NO
2006-11-03 07:30:30,0,3168,0,NO
2006-11-03 08:30:30,0,2769,0,NO
2006-11-03 09:30:31,0,5693,0,NO
2006-11-03 10:30:36,0,3746,0,NO
2006-11-03 11:30:30,0,8342,0,NO
2006-11-03 12:30:49,0,4451,0,NO
2006-11-03 13:30:34,0,2264,0,NO
2006-11-03 14:30:45,0,5540,0,NO
2006-11-03 15:30:36,0,2815,0,NO
2006-11-03 16:31:14,0,3257,0,NO
2006-11-03 17:30:32,0,3902,0,NO
2006-11-03 18:30:30,0,3287,0,YES
2006-11-03 19:30:32,0,2674,0,NO
2006-11-03 20:30:29,0,1979,0,NO
2006-11-03 21:30:33,0,5358,0,NO
2006-11-03 22:30:34,0,1926,0,NO
2006-11-03 23:30:30,0,3513,0,NO
2006-11-04 00:30:33,0,2056,0,NO
2006-11-04 01:30:30,0,2213,0,NO
2006-11-04 02:30:29,0,2696,0,NO
2006-11-04 03:30:32,0,2103,0,NO
2006-11-04 04:30:28,0,2561,0,YES
2006-11-04 05:30:33,0,3025,0,NO
2006-11-04 06:30:30,0,2978,0,NO
2006-11-04 07:30:30,0,3696,0,NO
2006-11-04 08:30:30,0,9788,0,NO
2006-11-04 09:30:32,0,2238,0,NO
2006-11-04 10:30:29,0,2520,0,NO
2006-11-04 11:30:41,0,1990,0,NO
2006-11-04 12:30:31,0,2329,0,NO
2006-11-04 13:30:30,0,1984,0,NO
2006-11-04 14:30:33,0,6515,0,NO
2006-11-04 15:30:30,0,2339,0,NO
2006-11-04 16:30:37,0,2080,0,NO
2006-11-04 17:30:28,0,2148,0,NO
2006-11-04 18:30:30,0,3049,0,NO
2006-11-04 19:30:30,0,2467,0,NO
2006-11-04 20:30:29,0,1941,0,NO
2006-11-04 21:30:29,0,2141,0,NO
2006-11-04 22:30:28,0,1739,0,NO
2006-11-04 23:30:27,0,2322,0,NO
2006-11-05 00:30:29,0,2235,0,NO
2006-11-05 01:30:31,0,2178,0,NO
2006-11-05 02:30:28,0,2090,0,NO
2006-11-05 03:30:31,0,2588,0,NO
2006-11-05 04:30:32,0,2350,0,NO
2006-11-05 05:30:29,0,1935,0,NO
2006-11-05 06:30:27,0,2373,0,NO
2006-11-05 07:30:29,0,2118,0,NO
2006-11-05 08:30:30,0,1916,0,NO
2006-11-05 09:30:29,0,1919,0,NO
2006-11-05 10:30:31,0,1839,0,NO
2006-11-05 11:30:29,0,1843,0,NO
2006-11-05 12:30:30,0,3258,0,NO
2006-11-05 13:30:30,0,2335,0,NO
2006-11-05 14:30:27,0,2213,0,NO
2006-11-05 15:30:30,0,2231,0,NO
2006-11-05 16:30:27,0,1884,0,NO
2006-11-05 17:30:34,0,2600,0,NO
2006-11-05 18:30:27,0,2409,0,NO
2006-11-05 19:30:27,0,2212,0,NO
2006-11-05 20:30:30,0,2078,0,NO
2006-11-05 21:30:29,0,2036,0,NO
2006-11-05 22:30:32,0,2695,0,NO
2006-11-05 23:30:31,0,2381,0,NO
2006-11-06 00:30:29,0,2411,0,NO
2006-11-06 01:30:29,0,3064,0,NO
2006-11-06 02:30:29,0,2014,0,NO
2006-11-06 03:30:29,0,2195,0,NO
2006-11-06 04:30:30,0,2466,0,NO
2006-11-06 05:30:28,0,2034,0,NO
2006-11-06 06:30:29,0,3823,0,NO
2006-11-06 07:30:29,0,2602,0,NO
2006-11-06 08:30:42,0,4864,0,NO
2006-11-06 09:30:39,0,2572,0,NO
2006-11-06 10:30:31,0,5535,0,NO
2006-11-06 11:30:50,0,4252,0,NO
2006-11-06 12:30:28,0,4075,0,NO
2006-11-06 13:30:51,0,6678,0,YES
2006-11-06 14:30:28,0,4020,0,NO
2006-11-06 15:31:04,0,5658,0,NO
2006-11-06 16:30:34,0,3231,0,NO
2006-11-06 17:30:58,0,3208,0,YES
2006-11-06 18:30:33,0,2332,0,NO
2006-11-06 19:30:33,0,2071,0,NO
2006-11-06 20:31:10,0,13794,0,NO
2006-11-06 21:30:33,0,2543,0,NO
2006-11-06 22:30:30,0,8143,0,NO
2006-11-06 23:30:28,0,2543,0,NO
2006-11-07 00:30:28,0,2165,0,NO
2006-11-07 01:30:29,0,2667,0,NO
2006-11-07 02:30:30,0,2428,0,NO
2006-11-07 03:30:35,0,6900,0,NO
2006-11-07 04:30:28,0,1951,0,NO
2006-11-07 05:30:29,0,3850,0,NO
2006-11-07 06:30:29,0,3347,0,NO
2006-11-07 07:30:37,0,9163,0,NO
2006-11-07 08:30:29,0,2735,0,NO
2006-11-07 09:30:40,0,6701,0,NO
2006-11-07 10:30:39,0,8358,0,NO
2006-11-07 11:30:32,0,8356,0,NO
2006-11-07 12:30:36,0,6281,0,NO
2006-11-07 13:30:31,0,8577,0,NO
2006-11-07 14:30:45,0,4407,0,YES
2006-11-07 15:30:34,0,9360,0,NO
2006-11-07 16:30:40,0,6875,0,NO
2006-11-07 17:30:34,0,2510,0,YES
2006-11-07 18:30:42,0,10377,0,NO
2006-11-07 19:30:35,0,7583,0,NO
2006-11-07 20:30:30,0,11365,0,NO
2006-11-07 21:30:30,0,2645,0,YES
2006-11-07 22:30:29,0,4934,0,NO
2006-11-07 23:30:29,0,2321,0,NO
2006-11-08 00:30:27,0,2857,0,NO
2006-11-08 01:30:37,0,2093,0,NO
2006-11-08 02:30:31,0,2400,0,NO
2006-11-08 03:30:32,0,2547,0,NO
2006-11-08 04:30:30,0,2872,0,NO
2006-11-08 05:30:44,0,2380,0,NO
2006-11-08 06:30:29,0,3307,0,NO
2006-11-08 07:30:31,0,4604,0,NO
2006-11-08 08:30:30,0,6832,0,NO
2006-11-08 09:30:31,0,5313,0,NO
2006-11-08 10:30:35,0,7884,0,NO
2006-11-08 11:31:57,0,2533,0,NO
2006-11-08 12:30:27,0,3088,0,NO
2006-11-08 13:30:36,0,3423,0,YES
2006-11-08 14:30:50,0,2388,0,YES
2006-11-08 15:30:56,0,3677,0,YES
2006-11-08 16:30:29,0,4295,0,YES
2006-11-08 17:30:30,0,2399,0,YES
2006-11-08 18:30:35,0,3205,0,YES
2006-11-08 19:30:31,0,6598,0,NO
2006-11-08 20:30:35,0,2320,0,NO
2006-11-08 21:30:34,0,3090,0,NO
2006-11-08 22:30:28,0,2049,0,NO
2006-11-08 23:30:33,0,2492,0,NO
2006-11-09 00:30:27,0,2412,0,NO
2006-11-09 01:30:33,0,3218,0,NO
2006-11-09 02:30:28,0,2671,0,NO
2006-11-09 03:30:31,0,2379,0,NO
2006-11-09 04:30:35,0,2413,0,NO
2006-11-09 05:30:30,0,2601,0,NO
2006-11-09 06:30:28,0,2919,0,NO
2006-11-09 07:30:32,0,1930,0,NO
2006-11-09 08:30:28,0,3345,0,NO
2006-11-09 09:30:30,0,3342,0,NO
2006-11-09 10:30:36,0,6777,0,NO
2006-11-09 11:30:29,0,3196,0,NO
2006-11-09 12:31:19,0,2527,0,YES
2006-11-09 13:30:29,0,6697,0,NO
2006-11-09 14:30:30,0,12336,0,NO
2006-11-09 15:30:29,0,6816,0,NO
2006-11-09 16:30:28,0,3933,0,NO
2006-11-09 17:30:33,0,2592,0,YES
2006-11-09 18:30:29,0,2774,0,YES
2006-11-09 19:30:28,0,4328,0,NO
2006-11-09 20:30:29,0,6507,0,NO
2006-11-09 21:30:32,0,2295,0,NO
2006-11-09 22:30:29,0,2599,0,NO
2006-11-09 23:33:35,0,2310,0,NO
2006-11-10 00:40:27,0,2162,0,NO
2006-11-10 01:33:35,0,4505,0,NO
2006-11-10 02:33:39,0,5935,0,NO
2006-11-10 03:30:28,0,8457,0,NO
2006-11-10 04:30:30,0,2702,0,NO
2006-11-10 05:30:31,0,5905,0,NO
2006-11-10 06:30:32,0,2590,0,NO
2006-11-10 07:30:31,0,4898,0,NO
2006-11-10 08:30:28,0,2486,0,YES
2006-11-10 09:30:34,0,5435,0,YES
2006-11-10 10:30:29,0,7898,0,NO
2006-11-10 11:30:28,0,11536,0,YES
2006-11-10 12:30:32,0,4281,0,NO
2006-11-10 13:30:30,0,11527,0,YES
2006-11-10 14:30:40,0,7381,0,YES
2006-11-10 15:30:41,0,3980,0,NO
2006-11-10 16:31:07,0,4363,0,NO
2006-11-10 17:30:30,0,5908,0,NO
2006-11-10 18:30:28,0,11371,0,NO
2006-11-10 19:30:28,0,7370,0,NO
2006-11-10 20:30:35,0,3282,0,NO
2006-11-10 21:30:29,0,2423,0,YES
2006-11-10 22:30:29,0,1926,0,NO
2006-11-10 23:30:33,0,2390,0,NO
2006-11-11 00:30:30,0,2754,0,NO
2006-11-11 01:30:29,0,2522,0,NO
2006-11-11 02:30:28,0,2293,0,NO
2006-11-11 03:30:41,0,2361,0,NO
2006-11-11 04:30:30,0,5229,0,NO
2006-11-11 05:30:29,0,7481,0,NO
2006-11-11 06:30:28,0,6061,0,NO
2006-11-11 07:30:30,0,2113,0,NO
2006-11-11 08:30:33,0,13796,0,NO
2006-11-11 09:30:32,0,4730,0,NO
2006-11-11 10:30:27,0,7057,0,NO
2006-11-11 11:30:32,0,1978,0,NO
2006-11-11 12:30:36,0,5016,0,NO
2006-11-11 13:30:34,0,2266,0,NO
2006-11-11 14:30:29,0,2087,0,NO
2006-11-11 15:30:31,0,1920,0,NO
2006-11-11 16:30:31,0,2378,0,NO
2006-11-11 17:30:40,0,2151,0,NO
2006-11-11 18:30:44,0,2271,0,NO
2006-11-11 19:30:28,0,2080,0,NO
2006-11-11 20:30:27,0,2401,0,NO
2006-11-11 21:30:33,0,2421,0,NO
2006-11-11 22:30:31,0,2280,0,NO
2006-11-11 23:30:32,0,2657,0,NO
2006-11-12 00:30:27,0,2173,0,NO
2006-11-12 01:30:29,0,2470,0,NO
2006-11-12 02:30:30,0,2489,0,NO
2006-11-12 03:30:29,0,2071,0,NO
2006-11-12 04:30:26,0,2164,0,NO
2006-11-12 05:30:29,0,2255,0,NO
2006-11-12 06:31:11,0,6866,0,NO
2006-11-12 07:31:13,0,4799,0,NO
2006-11-12 08:31:12,0,1980,0,NO
2006-11-12 09:31:11,0,3432,0,NO
2006-11-12 10:31:11,0,3545,0,NO
2006-11-12 11:31:11,0,1981,0,NO
2006-11-12 12:31:21,0,10236,0,NO
2006-11-12 13:31:18,0,2079,0,NO
2006-11-12 14:31:11,0,13208,0,NO
2006-11-12 15:31:18,0,4077,0,NO
2006-11-12 16:30:30,0,2079,0,NO
2006-11-12 17:30:35,0,2262,0,NO
2006-11-12 18:30:31,0,2547,0,NO
2006-11-12 19:30:29,0,1972,0,NO
2006-11-12 20:31:01,0,2208,0,NO
2006-11-12 21:30:29,0,1851,0,NO
2006-11-12 22:30:41,0,2141,0,NO
2006-11-12 23:30:28,0,2914,0,NO
2006-11-13 00:30:29,0,2776,0,NO
2006-11-13 01:30:31,0,13267,0,NO
2006-11-13 02:30:44,0,12647,0,NO
2006-11-13 03:30:28,0,2063,0,NO
2006-11-13 04:30:30,0,2147,0,NO
2006-11-13 05:30:29,0,3126,0,NO
2006-11-13 06:30:34,0,2180,0,NO
2006-11-13 07:30:29,0,6472,0,NO
2006-11-13 08:30:34,0,2283,0,NO
2006-11-13 09:30:34,0,6126,0,NO
2006-11-13 10:30:33,0,5589,0,NO
2006-11-13 11:30:35,0,7359,0,YES
2006-11-13 12:30:32,0,13645,0,NO
2006-11-13 13:30:46,0,3358,0,YES
2006-11-13 14:30:30,0,8809,0,NO
2006-11-13 15:30:32,0,3329,0,NO
2006-11-13 16:30:52,0,2613,0,YES
2006-11-13 17:30:46,0,5906,0,NO
2006-11-13 18:30:32,0,2431,0,NO
2006-11-13 19:33:43,0,8760,0,NO
2006-11-13 20:30:30,0,3142,0,NO
2006-11-13 21:30:30,0,2388,0,YES
2006-11-13 22:30:35,0,5230,0,NO
2006-11-13 23:30:30,0,5117,0,NO
2006-11-14 00:30:28,0,2154,0,NO
2006-11-14 01:30:29,0,3076,0,NO
2006-11-14 02:30:38,0,2158,0,NO
2006-11-14 03:30:31,0,3281,0,NO
2006-11-14 04:30:28,0,2086,0,NO
2006-11-14 05:30:30,0,2752,0,NO
2006-11-14 06:30:34,0,3292,0,NO
2006-11-14 07:30:39,0,2067,0,NO
2006-11-14 08:30:40,0,1771,0,NO
2006-11-14 09:30:27,0,2489,0,YES
2006-11-14 10:30:27,0,2080,0,NO
2006-11-14 11:30:45,0,2387,0,YES
2006-11-14 12:30:29,0,8347,0,NO
2006-11-14 13:30:31,0,5929,0,NO
2006-11-14 14:30:27,0,7245,0,NO
2006-11-14 15:30:28,0,4178,0,NO
2006-11-14 16:30:31,0,7536,0,NO
2006-11-14 17:30:38,0,2845,0,NO
2006-11-14 18:30:27,0,14655,0,NO
2006-11-14 19:30:32,0,6047,0,NO
2006-11-14 20:30:32,0,2970,0,NO
2006-11-14 21:30:34,0,2727,0,NO
2006-11-14 22:30:28,0,2379,0,YES
2006-11-14 23:30:41,0,5908,0,NO
2006-11-15 00:30:29,0,9024,0,NO
2006-11-15 01:30:36,0,2036,0,NO
2006-11-15 02:30:42,0,8640,0,NO
2006-11-15 03:30:36,0,7396,0,NO
2006-11-15 04:30:34,0,4882,0,NO
2006-11-15 05:30:33,0,5543,0,NO
2006-11-15 06:30:29,0,20718,0,NO
2006-11-15 07:30:28,0,7597,0,NO
2006-11-15 08:30:31,0,8103,0,NO
2006-11-15 09:30:31,0,2741,0,NO
2006-11-15 10:30:48,0,24345,0,NO
2006-11-15 11:30:43,0,7516,0,NO
2006-11-15 12:30:33,0,2155,0,NO
2006-11-15 13:30:35,0,12690,0,NO
2006-11-15 14:30:29,0,15474,0,NO
2006-11-15 15:30:34,0,18345,0,NO
2006-11-15 16:30:39,0,4628,0,YES
2006-11-15 17:30:31,0,10354,0,NO
2006-11-15 18:30:29,0,8848,0,NO
2006-11-15 19:30:27,0,2450,0,YES
2006-11-15 20:30:29,0,12666,0,NO
2006-11-15 21:30:35,0,3864,0,NO
2006-11-15 22:30:29,0,17426,0,NO
2006-11-15 23:30:29,0,2338,0,NO
2006-11-16 00:30:30,0,3180,0,NO
2006-11-16 01:30:32,0,2853,0,NO
2006-11-16 02:30:28,0,4546,0,NO
2006-11-16 03:30:32,0,8595,0,NO
2006-11-16 04:30:29,0,8459,0,NO
2006-11-16 05:30:28,0,5095,0,NO
2006-11-16 06:30:30,0,3416,0,NO
2006-11-16 07:30:30,0,5057,0,NO
2006-11-16 08:30:34,0,3021,0,NO
2006-11-16 09:30:30,0,11307,0,NO
2006-11-16 10:30:38,0,2617,0,YES
2006-11-16 11:30:33,0,6771,0,NO
2006-11-16 12:30:35,0,8963,0,YES
2006-11-16 13:30:39,0,5196,0,NO
2006-11-16 14:30:37,0,10913,0,NO
2006-11-16 15:30:37,0,5540,0,YES
2006-11-16 16:30:34,0,2520,0,YES
2006-11-16 17:30:37,0,5543,0,NO
2006-11-16 18:30:31,0,2699,0,YES
2006-11-16 19:30:29,0,8742,0,NO
2006-11-16 20:30:28,0,3743,0,NO
2006-11-16 21:30:30,0,2767,0,YES
2006-11-16 22:30:29,0,2356,0,YES
2006-11-16 23:30:28,0,2413,0,NO
2006-11-17 00:30:30,0,3966,0,NO
2006-11-17 01:30:35,0,4524,0,NO
2006-11-17 02:30:29,0,3355,0,NO
2006-11-17 03:30:29,0,3427,0,NO
2006-11-17 04:30:27,0,5755,0,NO
2006-11-17 05:30:32,0,5504,0,NO
2006-11-17 06:30:32,0,7288,0,NO
2006-11-17 07:30:29,0,10118,0,NO
2006-11-17 08:30:31,0,2868,0,YES
2006-11-17 09:30:40,0,7849,0,NO
2006-11-17 10:30:37,0,6502,0,NO
2006-11-17 11:30:29,0,2487,0,YES
2006-11-17 12:30:36,0,2520,0,YES
2006-11-17 13:30:36,0,3432,0,NO
2006-11-17 14:30:36,0,6059,0,NO
2006-11-17 15:30:36,0,3525,0,NO
2006-11-17 16:30:37,0,2472,0,YES
2006-11-17 17:30:38,0,4263,0,NO
2006-11-17 18:30:45,0,19252,0,NO
2006-11-17 19:30:29,0,2175,0,NO
2006-11-17 20:30:34,0,11514,0,NO
2006-11-17 21:30:37,0,3187,0,YES
2006-11-17 22:30:37,0,21930,0,NO
2006-11-17 23:30:38,0,3046,0,YES
2006-11-18 00:30:40,0,9208,0,NO
2006-11-18 01:30:42,0,3254,0,NO
2006-11-18 02:30:36,0,10712,0,NO
2006-11-18 03:30:38,0,3005,0,NO
2006-11-18 04:30:35,0,6242,0,NO
2006-11-18 05:30:42,0,2714,0,NO
2006-11-18 06:30:33,0,7377,0,NO
2006-11-18 07:30:36,0,11756,0,NO
2006-11-18 08:30:38,0,5551,0,NO
2006-11-18 09:30:41,0,10216,0,NO
2006-11-18 10:30:43,0,8937,0,NO
2006-11-18 11:30:35,0,5648,0,NO
2006-11-18 12:30:33,0,3301,0,YES
2006-11-18 13:30:33,0,6888,0,NO
2006-11-18 14:30:38,0,5051,0,NO
2006-11-18 15:30:52,0,2037,0,NO
2006-11-18 16:30:29,0,2026,0,NO
2006-11-18 17:30:33,0,4827,0,NO
2006-11-18 18:30:37,0,4302,0,NO
2006-11-18 19:30:33,0,4995,0,NO
2006-11-18 20:30:33,0,3121,0,NO
2006-11-18 21:30:33,0,6282,0,NO
2006-11-18 22:30:30,0,2041,0,NO
2006-11-18 23:30:37,0,8326,0,NO
2006-11-19 00:30:33,0,4216,0,NO
2006-11-19 01:30:37,0,4341,0,NO
2006-11-19 02:30:49,0,8287,0,NO
2006-11-19 03:30:32,0,2006,0,NO
2006-11-19 04:30:41,0,2411,0,NO
2006-11-19 05:30:36,0,5880,0,NO
2006-11-19 06:30:30,0,2378,0,NO
2006-11-19 07:30:31,0,2389,0,NO
2006-11-19 08:30:32,0,5230,0,NO
2006-11-19 09:30:35,0,5985,0,NO
2006-11-19 10:30:33,0,14128,0,NO
2006-11-19 11:30:31,0,4642,0,NO
2006-11-19 12:30:31,0,2108,0,NO
2006-11-19 13:30:30,0,2365,0,NO
2006-11-19 14:30:32,0,6069,0,NO
2006-11-19 15:30:38,0,1978,0,NO
2006-11-19 16:30:31,0,2271,0,NO
2006-11-19 17:30:29,0,14520,0,NO
2006-11-19 18:30:40,0,2599,0,NO
2006-11-19 19:30:27,0,4153,0,NO
2006-11-19 20:30:45,0,9654,0,NO
